[1,["01f4jEwIlDNbscOLd1w6B2"],0,[["sp.SkeletonData",["_name","_atlasText","textureNames","_skeletonJson","textures"],-1,3]],[[0,0,1,2,3,4,5]],[[0,"click_effect","\r\nclick_effect.png\r\nsize: 410,132\r\nformat: RGBA8888\r\nfilter: Linear,Linear\r\nrepeat: none\r\nchip_03\r\n  rotate: true\r\n  xy: 367, 88\r\n  size: 42, 41\r\n  orig: 42, 41\r\n  offset: 0, 0\r\n  index: -1\r\nglow_01\r\n  rotate: false\r\n  xy: 2, 2\r\n  size: 128, 128\r\n  orig: 128, 128\r\n  offset: 0, 0\r\n  index: -1\r\nring_1\r\n  rotate: false\r\n  xy: 262, 23\r\n  size: 103, 107\r\n  orig: 103, 107\r\n  offset: 0, 0\r\n  index: -1\r\nstar_02\r\n  rotate: false\r\n  xy: 132, 2\r\n  size: 128, 128\r\n  orig: 128, 128\r\n  offset: 0, 0\r\n  index: -1\r\n",["click_effect.png"],{"skeleton":{"hash":"Z/jmiLMXxesogUX58iS0ZYn5hj0","spine":"3.7.94","width":128,"height":128,"images":"../tex/","audio":""},"bones":[{"name":"root"},{"name":"bone","parent":"root"},{"name":"bone2","parent":"root"},{"name":"bone3","parent":"root"},{"name":"bone4","parent":"root","scaleX":0.9,"scaleY":0.9},{"name":"bone5","parent":"root","scaleX":0.8,"scaleY":0.8},{"name":"bone6","parent":"root"},{"name":"bone7","parent":"root","scaleX":0.8,"scaleY":0.8}],"slots":[{"name":"star_02","bone":"bone","attachment":"star_02","blend":"additive"},{"name":"glow_01","bone":"bone2","attachment":"glow_01","blend":"additive"},{"name":"glow_1","bone":"bone3","attachment":"ring_1","blend":"additive"},{"name":"chip_03","bone":"bone4","attachment":"chip_03","blend":"additive"},{"name":"chip_3","bone":"bone5","attachment":"chip_03","blend":"additive"},{"name":"chip_5","bone":"bone7","attachment":"chip_03","blend":"additive"},{"name":"chip_4","bone":"bone6","attachment":"chip_03","blend":"additive"}],"skins":{"default":{"chip_03":{"chip_03":{"width":42,"height":41}},"chip_3":{"chip_03":{"width":42,"height":41}},"chip_4":{"chip_03":{"width":42,"height":41}},"chip_5":{"chip_03":{"width":42,"height":41}},"glow_01":{"glow_01":{"width":128,"height":128}},"glow_1":{"ring_1":{"width":103,"height":107}},"star_02":{"star_02":{"width":128,"height":128}}}},"animations":{"animation":{"slots":{"chip_03":{"color":[{"time":0,"color":"ffffff00"},{"time":0.2333,"color":"ffffffff"},{"time":1,"color":"ffffff00"}]},"chip_3":{"color":[{"time":0,"color":"ffffff00"},{"time":0.2333,"color":"ffffffff"},{"time":0.8333,"color":"ffffff00"}]},"chip_4":{"color":[{"time":0,"color":"ffffff00"},{"time":0.2333,"color":"ffffffff"},{"time":1.1,"color":"ffffff00"}]},"chip_5":{"color":[{"time":0,"color":"ffffff00"},{"time":0.2333,"color":"ffffffff"},{"time":0.7333,"color":"ffffff00"}]},"glow_01":{"color":[{"time":0,"color":"e8beff00"},{"time":0.1333,"color":"e9c0ffff"},{"time":0.5,"color":"e8c0ff00"}]},"glow_1":{"color":[{"time":0,"color":"e8beff00"},{"time":0.1333,"color":"e9c0ffff"},{"time":0.8333,"color":"e8c0ff00"}]},"star_02":{"color":[{"time":0,"color":"e8beff00"},{"time":0.1333,"color":"e8c0ffae"},{"time":0.5,"color":"e8c0ff00"}]}},"bones":{"bone":{"scale":[{"time":0,"x":0.3,"y":0.3,"curve":[0.476,0.99,0.75,1]},{"time":0.5,"x":1,"y":1}]},"bone2":{"scale":[{"time":0,"x":0.3,"y":0.3,"curve":[0.476,0.99,0.75,1]},{"time":0.5,"x":1,"y":1}]},"bone3":{"scale":[{"time":0,"x":0.3,"y":0.3,"curve":[0.476,0.99,0.75,1]},{"time":0.8333,"x":1.1,"y":1.1}]},"bone4":{"translate":[{"time":0,"x":0,"y":0,"curve":[0.513,0.86,0.75,1]},{"time":1,"x":-46.9,"y":32.89}],"scale":[{"time":0,"x":0.6,"y":0.6},{"time":1,"x":0.3,"y":0.3}]},"bone5":{"translate":[{"time":0,"x":0,"y":0,"curve":[0.513,0.86,0.75,1]},{"time":0.8333,"x":57.2,"y":32.89}],"scale":[{"time":0,"x":0.6,"y":0.6},{"time":0.8333,"x":0.3,"y":0.3}]},"bone6":{"translate":[{"time":0,"x":0,"y":0,"curve":[0.496,0.76,0.757,0.96]},{"time":1.1,"x":15.42,"y":-56.55}],"scale":[{"time":0,"x":0.6,"y":0.6},{"time":1.1,"x":0.3,"y":0.3}]},"bone7":{"translate":[{"time":0,"x":0,"y":0,"curve":[0.513,0.86,0.75,1]},{"time":0.7333,"x":-38.56,"y":-25.13}],"scale":[{"time":0,"x":0.6,"y":0.6},{"time":0.7333,"x":0.3,"y":0.3}]}}}}},[0]]],0,0,[0],[-1],[0]]