[1,0,0,[["cc.JsonAsset",["_name","json"],1]],[[0,0,1,3]],[[0,"levelcfg",{"level_1":{"name":"txt3_20007","count":50,"alliance":0,"level":1,"manager":3,"pic":"vipcenter/viprule_5","key":"level_1","need":0},"level_2":{"name":"txt3_20008","count":70,"alliance":0,"level":2,"manager":4,"pic":"vipcenter/viprule_6","key":"level_2","need":2000},"level_3":{"name":"txt3_20009","count":100,"alliance":1,"level":3,"manager":5,"pic":"vipcenter/viprule_7","key":"level_3","need":10000},"level_4":{"name":"txt3_20010","count":200,"alliance":1,"level":4,"manager":6,"pic":"vipcenter/viprule_8","key":"level_4","need":50000},"level_5":{"name":"txt3_20011","count":500,"alliance":1,"level":5,"manager":10,"pic":"vipcenter/viprule_9","key":"level_5","need":250000},"level_6":{"name":"txt3_20012","count":700,"alliance":1,"level":6,"manager":12,"pic":"vipcenter/viprule_10","key":"level_6","need":750000},"level_7":{"name":"txt3_20013","count":1000,"alliance":1,"level":7,"manager":15,"pic":"vipcenter/viprule_11","key":"level_7","need":2500000}}]],0,0,[],[],[]]