{"paths":{"0":["sounds/shop",10],"1":["click_effect/click_effect",2],"2":["textures/public/rule/set_1",2],"3":["textures/public/head_13",2],"4":["language/title/BetTime_M",2],"5":["textures/public/rule/menu_19@2x",2],"6":["language/title/prompt_hindi",2],"7":["textures/public/tips_bg@2x",2],"8":["reward/07",2],"9":["language/spine/startend/animation_tingzhi",1],"10":["cacert/cacert",1],"11":["language/spine/startend/animation_kaishi001",1],"12":["language/title/BetTime_hindi",2],"13":["click_effect/animation_shubiao",2],"14":["language/title/htp",2],"15":["textures/public/head_2",2],"16":["textures/public/head_6",2],"17":["textures/public/img_touxiang1hindi",2],"18":["language/title/Trend",2],"19":["language/title/htp_hindi",2],"20":["language/title/leavetable",2],"21":["sounds/emoji_1",10],"22":["textures/public/Noticex2",2],"23":["textures/public/red2",2],"24":["sounds/bet_chip_07",10],"25":["textures/public/head_15",2],"26":["sounds/turn",10],"27":["textures/public/rule/set_btnbg",2],"28":["sounds/emoji_4",10],"29":["textures/public/default_avatar",2],"30":["dating_box_2/dating_box_2",2],"31":["fnt/VIP3",2],"32":["sounds/emoji_8",10],"33":["language/spine/startend/animation_kaishi_H",1],"34":["sounds/btn2",10],"35":["textures/public/head_18",2],"36":["sounds/btnteen",10],"37":["textures/public/img_touxiang1",2],"38":["language/spine/startend/animation_kaishi001",2],"39":["language/title/ludoprize_hindi",2],"40":["textures/public/head_17",2],"41":["textures/public/head_11",2],"42":["textures/public/rule/menu_14@2x",2],"43":["fnt/chipwin",2],"44":["textures/public/rule/radio",2],"45":["textures/public/rule/menu_17@2x",2],"46":["sounds/startbet",10],"47":["textures/public/head_21",2],"48":["textures/public/head_12",2],"49":["language/title/prompt",2],"50":["sounds/emoji_7",10],"51":["ssl/cacert",1],"52":["textures/public/rule/btn_close",2],"53":["sounds/get",10],"54":["fnt/moneyFnt",2],"55":["sounds/effectVs",10],"56":["textures/public/rule/set_mask1",2],"57":["dating_box_2/dating_box_2",1],"58":["textures/public/head_5",2],"59":["language/title/record_hindi",2],"60":["reward/04",2],"61":["textures/public/head_3",2],"62":["textures/public/addcash",2],"63":["reward/06",2],"64":["language/title/drop",2],"65":["textures/public/icon_kf",2],"66":["sounds/turnreward",10],"67":["textures/public/head_14",2],"68":["language/title/Trend_hindi",2],"69":["language/title/switchtable_hindi",2],"70":["textures/public/tip_bg2",2],"71":["textures/public/head_7",2],"72":["textures/public/head_16",2],"73":["textures/public/rule/menu_22@2x",2],"74":["textures/public/online_line",2],"75":["language/spine/startend/animation_kaishi_B",2],"76":["textures/public/rule/menu_16@2x",2],"77":["language/spine/startend/animation_kaishi_H",2],"78":["sounds/lobbyBGM",10],"79":["textures/public/head_10",2],"80":["textures/public/head_8",2],"81":["language/title/switchtable",2],"82":["language/spine/startend/animation_tingzhi",2],"83":["textures/public/Password_2",2],"84":["textures/public/tips_bg",2],"85":["sounds/emoji_2",10],"86":["textures/public/head_22",2],"87":["sounds/winner",10],"88":["sounds/time",10],"89":["sounds/time_warn",10],"90":["sounds/emoji_6",10],"91":["textures/public/rule/menu_15@2x",2],"92":["language/spine/startend/animation_kaishi_B",1],"93":["textures/public/Password_1",2],"94":["textures/public/head_4",2],"95":["textures/public/head_20",2],"96":["textures/Facebook",2],"97":["textures/public/server/00-me-icon",2],"98":["language/title/prompt_M",2],"99":["fnt/chipclose",2],"100":["textures/public/head_1",2],"101":["sounds/emoji_3",10],"102":["language/title/record",2],"103":["language/spine/startend/animation_kaishi",1],"104":["textures/public/red",2],"105":["language/title/drop_hindi",2],"106":["language/title/bTime",2],"107":["click_effect/click_effect",1],"108":["language/title/BetTime",2],"109":["textures/public/rule/4@2x",2],"110":["language/title/Trend_M",2],"111":["textures/public/icon_editor",2],"112":["language/spine/startend/animation_tingzhi_B",2],"113":["sounds/emoji_5",10],"114":["language/spine/startend/animation_tingzhi001",1],"115":["language/spine/startend/animation_kaishi",2],"116":["textures/public/addcashx2",2],"117":["sounds/giftfly",10],"118":["language/spine/startend/animation_tingzhi_H",1],"119":["textures/public/rule/set_btn",2],"120":["textures/public/Notice",2],"121":["reward/05",2],"122":["fnt/Helvetica LT Compressed",6],"123":["language/spine/startend/animation_tingzhi_B",1],"124":["textures/public/head_19",2],"125":["textures/public/icon_close",2],"126":["language/spine/startend/animation_tingzhi001",2],"127":["textures/public/bg_color",2],"128":["textures/btn_Facebook",2],"129":["sounds/btn1",10],"130":["click_effect/animation_shubiao",1],"131":["textures/public/head_9",2],"132":["sounds/btn3",10],"133":["language/title/leavetable_hindi",2],"134":["language/title/drop_b",2],"135":["textures/public/face",2],"136":["language/title/htp_M",2],"137":["language/title/ludoprize",2],"138":["language/spine/startend/animation_tingzhi_H",2],"139":["sounds/end_bet",10],"140":["textures/public/icondownload",2],"141":["textures/public/server/00-fb-icon",2],"142":["textures/public/red3",2],"143":["sounds/award",10],"144":["language/title/leavetable_hindi",3,1],"145":["textures/public/rule/set_1",3,1],"146":["textures/public/Password_1",3,1],"147":["textures/public/rule/btn_close",3,1],"149":["prefabs/Alert",9],"150":["textures/public/icon_editor",3,1],"151":["textures/public/head_13",3,1],"152":["textures/public/addcashx2",3,1],"153":["textures/public/ani/breakani",0],"154":["prefabs/giftNovice",9],"155":["textures/public/icondownload",3,1],"156":["textures/public/rule/menu_22@2x",3,1],"157":["language/spine/startend/animation_tingzhi",3,1],"158":["language/spine/startend/animation_tingzhi_B",3,1],"159":["language/spine/startend/animation_kaishi_H",4],"160":["language/spine/startend/animation_tingzhi001",3,1],"161":["textures/public/head_7",3,1],"162":["textures/public/rule/set_btn",3,1],"163":["dating_box_2/dating_box_2",3,1],"164":["fnt/chipwin",7],"165":["click_effect/animation_shubiao",3,1],"166":["textures/public/img_touxiang1",3,1],"167":["textures/public/red",3,1],"168":["language/title/BetTime_hindi",3,1],"169":["textures/public/face",3,1],"170":["textures/public/rule/set_btnbg",3,1],"171":["textures/public/rule/radio",3,1],"172":["config/shopcfg",5],"173":["textures/Facebook",3,1],"174":["textures/public/server/00-fb-icon",3,1],"175":["ani/loading",0],"176":["textures/public/head_20",3,1],"177":["prefabs/loading",9],"178":["textures/public/head_22",3,1],"179":["textures/public/head_9",3,1],"181":["reward/05",3,1],"182":["ani/loginClip",0],"183":["language/title/ludoprize",3,1],"184":["language/spine/startend/animation_kaishi001",4],"185":["fnt/chipclose",3,1],"186":["language/title/record",3,1],"187":["language/title/BetTime",3,1],"188":["textures/public/rule/menu_14@2x",3,1],"189":["language/spine/startend/animation_kaishi001",3,1],"190":["language/title/drop_b",3,1],"191":["textures/public/head_19",3,1],"192":["textures/public/head_5",3,1],"193":["reward/04",3,1],"194":["language/title/Trend_M",3,1],"195":["textures/public/default_avatar",3,1],"196":["reward/06",3,1],"197":["language/title/switchtable",3,1],"198":["fnt/VIP3",7],"199":["language/spine/startend/animation_kaishi_H",3,1],"200":["textures/public/tips_bg@2x",3,1],"201":["textures/public/rule/menu_15@2x",3,1],"202":["prefabs/clickNode",9],"203":["ani/rewardgoldClip",0],"204":["textures/public/head_15",3,1],"205":["textures/public/head_14",3,1],"206":["language/title/Trend",3,1],"208":["reward/rewardgetClip",0],"209":["language/spine/startend/animation_tingzhi",4],"210":["textures/public/rule/menu_17@2x",3,1],"211":["textures/public/head_6",3,1],"212":["language/spine/startend/animation_tingzhi_B",4],"213":["textures/public/rule/menu_16@2x",3,1],"214":["language/title/switchtable_hindi",3,1],"215":["textures/public/Notice",3,1],"216":["textures/public/online_line",3,1],"217":["language/title/htp_M",3,1],"219":["click_effect/click_effect",3,1],"220":["language/title/record_hindi",3,1],"221":["language/title/Trend_hindi",3,1],"222":["language/title/BetTime_M",3,1],"223":["config/levelcfg",5],"224":["language/title/drop_hindi",3,1],"225":["textures/public/icon_close",3,1],"226":["textures/public/img_touxiang1hindi",3,1],"228":["click_effect/click_effect",4],"230":["textures/public/head_21",3,1],"231":["language/title/htp_hindi",3,1],"232":["fnt/chipwin",3,1],"233":["config/anicfg",5],"234":["language/title/prompt",3,1],"235":["textures/public/red3",3,1],"236":["textures/public/head_4",3,1],"237":["language/title/leavetable",3,1],"238":["textures/public/addcash",3,1],"239":["textures/public/head_10",3,1],"240":["dating_box_2/dating_box_2",4],"241":["prefabs/Tips",9],"242":["textures/public/icon_kf",3,1],"243":["fnt/moneyFnt",3,1],"244":["textures/public/tips_bg",3,1],"245":["language/spine/startend/animation_kaishi_B",4],"246":["prefabs/Notice",9],"247":["config/tablecfg",5],"248":["textures/btn_Facebook",3,1],"249":["textures/public/bg_color",3,1],"250":["textures/public/Password_2",3,1],"251":["language/spine/startend/animation_tingzhi_H",4],"252":["language/title/ludoprize_hindi",3,1],"253":["textures/public/head_16",3,1],"254":["language/spine/startend/animation_kaishi",3,1],"255":["textures/public/head_1",3,1],"256":["textures/public/head_18",3,1],"257":["fnt/moneyFnt",8],"258":["language/spine/startend/animation_tingzhi001",4],"259":["language/spine/startend/animation_kaishi",4],"260":["textures/public/rule/menu_19@2x",3,1],"261":["textures/public/rule/set_mask1",3,1],"262":["textures/public/head_12",3,1],"263":["textures/public/head_3",3,1],"264":["language/spine/startend/animation_kaishi_B",3,1],"265":["language/title/drop",3,1],"266":["prefabs/serviceNotice",9],"267":["textures/public/tip_bg2",3,1],"268":["textures/public/head_2",3,1],"269":["textures/public/red2",3,1],"270":["language/title/htp",3,1],"271":["language/title/prompt_hindi",3,1],"272":["textures/public/head_17",3,1],"274":["click_effect/animation_shubiao",4],"275":["language/spine/startend/animation_tingzhi_H",3,1],"276":["textures/public/head_8",3,1],"277":["textures/public/head_11",3,1],"278":["textures/public/rule/4@2x",3,1],"279":["fnt/chipclose",7],"280":["fnt/VIP3",3,1],"281":["language/title/prompt_M",3,1],"282":["textures/public/server/00-me-icon",3,1],"283":["textures/public/Noticex2",3,1],"284":["reward/07",3,1],"285":["language/title/bTime",3,1]},"types":["cc.AnimationClip","cc.Asset","cc.Texture2D","cc.SpriteFrame","sp.SkeletonData","cc.JsonAsset","cc.TTFFont","cc.BitmapFont","cc.LabelAtlas","cc.Prefab","cc.AudioClip"],"uuids":["01ETsTmFpF6pssMpmoiGyX","01f4jEwIlDNbscOLd1w6B2","02gK5dvgRLjo0M8Bj1VzpD","035hE9Ao9PtayHYEaEbPDf","05eKOABMhPnpk8tG7XkHzQ","0942NwUjBOpJpuNcrIXY8t","0cbEqvIPlIi6g320O0vlpQ","0dDLdAUk9A0Yar4azgYO4W","0fwS1ozHBKIqpUNfSVIJCl","11KJ6G9AdAjKL/D8Y8HCvj","133uI3+1dIVo5KUPHendfm","166imh9rZOg58nHXTVdLKX","1aHCNFqAtFOaypf7VzTk+M","1ccOw0Xd5Knpff3PhN+jzE","1czfy956lOpb0WPCInGXdK","1dqY8vHb5B9rGMspJQ9Ctu","1d0PuUCO1DBa2ueylCUehV","1eAMOxHeZLBJaW27NYiD+z","1eLzMGbNBNvaG87x/BjzLL","1e1xiHKTBKA4kzI8/exNGZ","1e2i9iBpxNTqPOVu5y9z+7","1e7dn4pixJioX0R8xgutN2","20CFEk9b9MzIcGSl6id8jX","20Eba6MGJAcJBaxrXxMX36","20c0dRsLhI2bRiwcPTiQvH","21pY8NJs1FMKSgpG+SPVCN","25Eg1EsmlPJKIwjfwoOE8Z","27NjaK3/FND6ZVjfQd7CuX","27rhZTPwdJqpjakpTlUip8","29eX7kiS5L4LuIQQNiBsKA","2aQbeYCD1MWp+bfvF180KD","2aYA0gSS1GoKHOa67+cjbn","2bryrQ5qZK/6DQC+BADmEK","2d9JFQZzVKnJARGqjMjW9F","2eBpYCPZBCWIZ57CI4D8Jz","2eOyh9EN1MZahob1lQfqUq","30xFZGaMNCpJTl0U0inyh/","33aOuIUUxPYZ6ncDsM7738","35BYqb8xdEbZ8Ra8n/+lhL","36YDkF37pFM5nHy/YQeP1B","38X6ZugrZJw71OeyQze7ah","3aKM8tz79BQbwyWgCloSYl","3bvGDPa25IdZA+OFf3HTUl","3dxHXuP9RCJqV02cBqlPxF","43yVfp2VZOR5l8uU5+Whar","44QIXzWtpHfKX/vzAS4xon","44oaT56p1DBI31PDnw9acR","4aJUfQS5hBLbQ+uSUeaeeW","4d1PJN1HxEjKNpJdUB1aN2","50ajFhHiVNpaTa41XvJGs8","53WeuKnIBMv4exi96Tduaq","58j1TETRxEKoPigD5FSNu3","59oDSDn+VGqJTOJUcytNAS","5a1gR7xS9ClpendNRwvhRL","604wt6q+xBxp5rVaP9c2DZ","61yyXX8MhOf5PSkO4rICKU","62HCxMocxMB4zxLA1e3LOS","62X+J1kVJKX76S7KBxxO6T","627vC7bXhBApR5EiSBg+MK","63fxfhsvFHgLOkgi8pEF+v","65u+bpylZLDJUBE0dGA4e0","67s8ysFwNNtba07kixkHre","68pFwAIINIL7iRLa63PSCV","69ZnWWiFRPLbv86Mot0jbx","6am/8yGvZBq7il+rGVZ/QM","6d8nkFTDFGnax335LO0P7Y","73iP3ZfrxHkK4w++J5emic","73tJqwwtVCh5fK0Vlhe+yB","74aBW5WkZDdrK3jrBLQ7No","7aH55xBaxHebrEqD4FklGi","7bUBj3TspKfasggdovpCW5","7dWFuNvaxL/Z5eCCwSAejC","7fSSl8XpRDuLnnFFMP+Hbo","7fYrTtlxFI25fYYvtDCP5Y","80sRP+ty5BLqUTeVAeTQJu","80v/TVKDhFvoFO2lbq1ksH","83zxUvXqJEJJwMZms2MsNv","88MRg0t6BAErr4S7BcxYoV","89n3WcPSlOILq4pGOLVRum","8aYmGasWVM3oJH1wDlgemU","92GaA8hl1LkKJA9BQ94uuf","95BmR3xodNi45FmMn9zjG4","96e4gZIKlPeY3vdXjSeEZK","99ZLo2n9BFgpsvOw1iErZJ","9aJqwbW9tIbYeAGy+KPXmi","9c1A9LP4lDA4LpqUrS4trU","a0MG1akVpLF4X3Gi5C7Cey","a0ZWePeEJM7I5bH/MONpvK","a0x0E5oRRNJrzCcAj+JbL4","a3OD2FO1FMjKliPfCr+xfo","a3e1HgD0pDKoHx8uy1SLL6","a3+6oMhv9NRa2T5dQzu6Pv","a9GNjzCk5NnpqCx6QTz6Qf","b35kXA+xpLc41hVTZvYDmp","b7SYtgP7JJ4JiSXyZFbalf","b9gXy8Lh1BD7YXrSRa/onn","bdiaRb/fBKnL4YKilZH6Tb","beDGNZfYpII5sRAy+2m8/x","behmHTl21J45YSg98rpX7n","bfeCJDFa5HqKCYZfR3Ua57","c0yUJh8lpAjbBfYrsL+yJ+","c1ZZU7lCJB2q/Jg7UDfgoX","c3qZIZWRFMj4beryCxl4jO","c37ZMTYctAfond6nqGaIoX","c5k40FjWRLAJ3ZLpLPjrXc","c54RjeHQ5Ho5QP8823x6TX","c9WMr7/oBF/7xGXlRYOeSg","cbevIxHBtNpKSltGXxY/NY","cbjmGLSaxCYo/yVstI1v2b","ccCxFVmglMHKEh3iGHhGdJ","cesCptpKNAbYNNiFlZBkG1","cfDQwO3phAMbrKM1g6NYyX","cfbLfchOhApJ3VhCN/8wV3","cfnM7Tqs1DZJhka0S0M+kX","d0vv3IcqdNO6ogXidM/CGW","d2qrKx7NBJ/KYHFbMdevt0","d3ITwRk+1CIo8T8+Ov7dmi","d4JdJ0wctFyJOFda0N2tjQ","d5LFmSEfFH26drHgI/Kywr","d5bw6YXqhFyq02/d/2NPLH","d8IVo2JVFP36uHvbhB+eOU","d9Rif4/u5BQZbILMcQg0hR","d9Zc8Sf/dJP4lfz3Xv4m+P","dbyVOdyudNbrYDO60CMIYU","ddZF9C8uhPEr+yrTDgl1on","dd8ziRjyRHWpGblplNFcVW","de8QPuBLxM37t5h3crJhHf","e1iPTxc+hMsa84d7FqK5nc","e1idlpU45B/J8ni67hnYAu","e3QTHllPlG8bTbWOEAlODP","e6ZxiqzI1IRaHNC0THyVkq","e7bqF4MshOsZxPJk6hH6GP","e8cPbhcSJK5KlbgRL6OrTx","e8rk+6P1lAKIfd+W0toqD+","edfRkqmsdBqY/3tjNBLaGn","f01a8SDDxFtocB+YqyHkbn","f3iiFxwx9HH4E3iXwWep3A","f6l1wNMUtHPJvE9CbpZWgw","f6wmd86S1EDbMF/kBFMKLc","f8E3jXT+JMKZ/vjI/r85OJ","f8H7gimJ1KQquS3MhMM9hS","f98Ygpuh1E5JTRFZTvPS+U","ffzgQGMttASJ+eOJQ9MPKe","ff6rVTI+FEk4v/4TgqoP/6","03UTfljZhL7bKSJUeoyBjz","04lgH0Hh9Hd4HpNLzMfhrN","06EWDCH9lLvJz6GGPwf0L3","08qnz7ocZBOYvnQbtxlwdG","09o/cdAp1IVJWUgYhwl0a/","0bkKqkS2xFZo6KhoSjaYwm","0dw4Kdr5FNiJiE5kifC0Cy","0ezsnhNm1J5KAZKb8qz352","12SenF73RBF508Ruc+oVaQ","13LJ1WQwtCMp7KUD6HiUJQ","13Us+ybfBDWZBANen7fgGT","14QxIqlGpArKttMhoHb3Hj","146tu2FqpJpLWX8RP2AX0h","16URZyVthLGZ46ZdXqeJSk","1an52aDvBFtabEiY2WjHhF","1a0qGwPLJNw5T57OqbFheu","1bbFfkLIZOFpdDXTdCDL4Z","21U0H1BylHA6PLVjZt9yRn","22uqL1W6FJ7aoYwEktEGrL","24XawJf19DzqzjLWg7aIi5","293ck2+FJMH6mzLw/f32R3","30kai9135GRK1SV2BT5ZLu","30qaXuZ6ZA+4mJxq6ykbLw","30rju5ZihI4a2jaG16cCGz","34W9+nAHhLwoDUCQ3aZ/gN","3aYzIhXLxCS5B2p66zgrxl","3dmAfloylNP6ev7Ii3eaYh","3fcvfv7ppIwaGnVR6HcsZt","44+TYQjPpNcphHYr8RuHvI","45HAF6c3xLf5HvdqhGSXDr","45ak9968NLNqJZxQFJPvla","46risdShtIYLvaESCZlFKJ","4a7jkrt0BK84ZgChm59kgr","4cdUbnklVHyYHveCsG/RS5","4dVR+yNsJCy7rq7OBeYFDq","52CQv5g2FAUKQPi1vYkz2K","526UlqhRtKJYnzywF2QvpQ","53wWDvdGNKYqaIy3KAW7Bl","5425fhNlVNbJrNhVephalP","57VMqY0hxA46Oklytr+z17","57Yyr/kYtCNrJEmfLaLW7X","59YrTmc35DhZ2+mxoLsp7x","5cAxZTtKlDeJsGGsh6u+Df","5dUDjxa6lHAYRT7LxJPss5","60RG9vlzBJ8b0GSxNvcwaj","61u2lFBqZMQrhistgSUvKj","62hPPViFdNFrBqUb6ocyfV","64dCEDA+ZHxq0o9YIWSNHW","65t4I4MX1PgJklKDQWiXBe","68jWUuCiRH+Kbl+m8IMiri","69ilaI/mJIxoMCXxxm1kXo","69yCok3kdDyq7exJ0ZqAsl","69zmatuTFM36zF0ARvfzbW","6dQaABY+hOw4XmQKuNnwUv","6dRW/mOXRATqo2+WpjVepA","6emQjZWSNEVZhxAeda1ZG1","6fHHF46pNKnJHvhTCa+rMA","71Zqfs6U9OOrYyYwUtfxVf","719k7/DfpHgaZuGgcGYssx","72D0yLmf9C26ojWzgqNXRC","72qH7QaCRLSblgnhpVLyIB","724CONHi1IF5mjplogHc+y","766c0VWiJL4oqcZ80Mo7t7","77YJCPEfNPQbJerl5wJq4z","79ghQ9cHBBaa5F9zAMvCmL","7aaf/1MaJFZrJVHVx2k3oQ","7bFeyv25ZMFobVh9SWCrY/","7bqjTDofpErYQpmwDBs6dH","7fImJ6fhtE7q85pjKHQIUP","7fySezROxCPLkyqCDgqHWm","82QwRgAalMKK006i61zxne","842Z5wedtBzpr7PPd0YLut","84/523U+JEGr/wgT66jJNg","85KgRtI8ZIT4DTPz6JmBxj","85QFtvyJFGLIc4dAVeC+k6","86YhI05sxPOIP/zpmfvYXL","89rO8ywtdJQ6/H774LdToi","8aX60QlopFubS+4UtqUUQB","8c/7j6dUJKe6AvrjSfjtSG","91UjGB38VFBaS3ZjkyZ/MY","91uOIzE5BMQamnsYcLmTzU","92SSV2hDBFmooF2e28F22K","93cIv4k4VBMJp2XnT0Wx2j","94Kum7rbBGIqOVbevZjcK7","962dmG6ohMD6vkfBs0z37/","97RbymTu9KgJXm35cCfk6Y","99dhAPp2BGoJAXqV5yHTc1","9adelYZNlB7a2wOZLyiTNV","9cwjWiWZ1EEb5vk5jTADbz","9dkUDnpJdPz4v7GmKl9cUE","a5Zki5/99M+7/J031qFFXs","a5sDauaxlOHY9QnYL0616z","a6ri7yrVZAJZsz9e5h3yad","a7vdwMml1AfLD1CC1/2Qfp","aezdKNtgdO5LExhbaXbEpV","afTUYftzRC17gAgmrreAvU","b5CKMKnY9GyLDQQuCKAuxO","b5rrYniNdDKLBJmMGXvF0h","b7CTFu7n1GoLlTImSgImC3","b7aqT52CNLjYgsl1JxF0n+","bcPA4dDyhPMbQAjDQByRTw","bcZlDkMhFEvq3TVLRKAyf0","c2L4VoX8BBS7WKujrLcBQl","c2RuhzRL9FzZrzfBWOWAlt","c4EDIcpp1A1Yy9aHx6Gg2s","c7vxgYrJZFcIhWkmWsurFW","c7xnNHL+dL/ptw0AssQS38","c8Ew9dUAlOYIaAd+zp28jA","c82fFxBaRHmaAJrgatvFqq","ca1mLgGWxO9a7q4vbSJlOl","cbDRNyCqhA6JZqRSt7AZAQ","cbLLe5VMxEFaQoSs+R58bg","ccTe+txvFPtrIz+VMR1QLL","d0Xl1L9lJBzLGENLLTwbzD","d0rMdSvllDaIUShQ6GFZBu","d1oZ5SfktB1ps0ZT0R9SMz","d2ZuDyqshKOIaSRfUG+OzS","d223UGzVFPybwFEG5KDhbX","d26uCUgitD6Za6efcT8YWK","d4oA64LC5AY5IaQBGS4x/t","d6HpQ5s+FLU5mvnO5OzlhK","d8HABjdmZBvKI89/pJjM6x","da4+NMF+ND36oJkv2ciTHZ","dc0VuaRpxA8IBBkJYp3fzu","dfByqEagxIh7Ow90QqBzLd","e16CJ2Tz5OqYxbRE6uf79L","e2YrOIhjlL/K1uShXm+o1t","e25BRbWVJOvJIwxE/ItsEY","e4d2ZGFDZM6IH8/O7Q07P3","e9yUGz0wNLC6NSYhO9lT/r","eaPs3WPEVMp4h6aUyugJ15","edXWYZjhlBK4eMbD7DBXR8","eereikkuNEEIFp9CO5rZDG","efBIN4KS9A6IO5wX0qZv0y","f3NW8DZBBHOYeeNJBwxj9v","f5HHLvwzFGfJxKtmvj35lq","f8sahXy49LiKUCM44RSrF8","faB4Zv6KZDTbr1LdSzmIq3","fbHCP37eJGrLI1bkpwG1Zy","fbmw8rOdtCzKo6eFFqiavU","fcAClh63VFU5Uaodyrl51G","fcRVvDIKNBurtmV856/wvH","02delMVqdBD70a/HSD99FK","15W5U0PiBKnJQY2/HVDZrd","16lVlHl2lJXLjzMmG/BKJR","29u8DpcjhE7IJd9zrZtIjU","37kqbZE/hPoK8HhfBrDZuM","70r0o1VclIL4cCJ0ZFhQgx","7a/QZLET9IDreTiBfRn2PD","80SJc10FVJi7s7xyZvTkbr","94aytkhVJBmLE3qxTxVxkD","a1U5RdJRFMFL57BdJC9H1X","a2MjXRFdtLlYQ5ouAFv/+R","b0ChEkVUxJQZmttTCVx7ul","ecpdLyjvZBwrvm+cedCcQy"],"scenes":{},"redirect":[286,0,292,0,295,0,298,0],"deps":["internal"],"packs":{},"name":"resources","importBase":"import","nativeBase":"native","debug":false,"isZip":false,"encrypted":true,"versions":{"import":[0,"a3c8e",1,"7871f",2,"7871f",144,"cced9",3,"7871f",145,"f1ba8",4,"7871f",146,"07251",147,"29d48",148,"7871f",5,"7871f",149,"6059c",6,"7871f",7,"7871f",150,"281c1",151,"d9dd8",8,"7871f",9,"a9418",152,"c295a",153,"897d4",154,"fdf09",10,"64420",155,"03006",156,"0fa00",287,"85e81",157,"ecfc2",288,"ac2e4",11,"ec10d",12,"7871f",158,"76441",159,"3eea4",160,"1067c",13,"7871f",14,"7871f",15,"7871f",16,"7871f",17,"7871f",18,"7871f",19,"7871f",20,"7871f",21,"deec0",22,"7871f",23,"7871f",24,"b91db",161,"e3b4f",25,"7871f",162,"15c5b",163,"90190",26,"046d1",27,"7871f",28,"88fa5",29,"7871f",289,"36368",164,"2cabc",30,"7871f",31,"7871f",32,"0bb42",33,"0ef6e",34,"9d708",35,"7871f",165,"91dc6",166,"18a0f",167,"0008a",36,"d6f22",37,"7871f",168,"35ebd",38,"7871f",39,"7871f",290,"54616",40,"7871f",41,"7871f",169,"482ae",42,"7871f",170,"1951f",43,"7871f",171,"f3ccd",44,"7871f",45,"7871f",46,"78ab7",172,"cae89",173,"6f4d6",174,"5c729",175,"ea4ea",47,"7871f",176,"c0cdc",177,"46c22",178,"ab517",48,"7871f",49,"7871f",179,"b2bad",180,"b8ca3",50,"8fe9f",181,"988e7",182,"56005",183,"5fdf7",184,"761f5",51,"64420",185,"c7298",52,"7871f",53,"d59ab",186,"a9d4d",187,"7223d",188,"543c4",54,"7871f",189,"ed866",55,"dfce2",56,"7871f",57,"cd6fa",190,"bb4f2",58,"7871f",59,"7871f",191,"68750",192,"57b37",60,"7871f",61,"7871f",193,"9e0d2",62,"7871f",63,"7871f",194,"2d7ee",195,"72727",196,"30046",64,"7871f",197,"d8e34",198,"7cf6a",65,"7871f",199,"8f01b",200,"cfd45",291,"712dc",201,"254de",202,"d5a4a",203,"b37bf",204,"fb642",205,"eef7f",66,"fc7cf",67,"7871f",68,"7871f",206,"8ee84",207,"7871f",208,"1abeb",69,"7871f",209,"da087",210,"98466",70,"7871f",211,"46a34",71,"7871f",212,"8eb11",72,"7871f",73,"7871f",213,"6d554",293,"6c610",74,"7871f",75,"7871f",214,"31c3b",76,"7871f",215,"f59b6",216,"ec717",217,"a6a49",218,"7871f",219,"dfcc7",77,"7871f",78,"c2b77",220,"6488c",221,"482c8",79,"7871f",222,"eda1b",223,"dd578",224,"dfffa",80,"7871f",225,"539b9",226,"ef04b",227,"7871f",294,"41768",81,"7871f",82,"7871f",228,"09f89",229,"7871f",83,"7871f",230,"f68df",84,"7871f",231,"31eb3",232,"3940a",85,"7d810",233,"1f49a",86,"7871f",87,"87882",88,"357ba",296,"43d76",89,"f48d2",90,"c502b",91,"7871f",234,"4de2d",235,"10e91",236,"40259",237,"b9fba",92,"83f34",238,"e4532",239,"fce04",297,"c762f",93,"7871f",240,"582a3",241,"af905",242,"deeea",94,"7871f",243,"527ec",95,"7871f",244,"99f86",245,"ce145",96,"7871f",97,"7871f",98,"7871f",99,"7871f",100,"7871f",101,"bf67c",246,"587e0",247,"444df",102,"7871f",103,"d1b76",248,"48dcc",104,"7871f",105,"7871f",249,"17a23",250,"29ee3",251,"f3932",252,"4cdb4",106,"7871f",253,"56021",254,"cf860",255,"02166",107,"b380d",108,"7871f",109,"7871f",256,"4168a",110,"7871f",111,"7871f",112,"7871f",113,"89aea",257,"40995",258,"d42d8",114,"3d171",259,"4ca35",260,"65ce7",115,"7871f",261,"5989f",262,"eb09d",116,"7871f",117,"69bb0",263,"c19d5",118,"9c3ad",119,"7871f",264,"c5a5e",265,"b713f",120,"7871f",121,"7871f",122,"05a3a",266,"f842e",123,"18fa2",267,"5bee7",124,"7871f",125,"7871f",126,"7871f",268,"8527a",127,"7871f",128,"7871f",269,"44e7e",270,"4f9aa",271,"0465f",129,"9127b",272,"5536e",130,"a1fdb",131,"7871f",132,"d52a6",133,"7871f",273,"7871f",274,"1e42a",275,"63bf1",134,"7871f",276,"9f022",277,"726c7",135,"7871f",278,"50816",136,"7871f",279,"178f3",137,"7871f",138,"7871f",139,"ea856",140,"7871f",280,"ab5f6",141,"7871f",281,"8537a",282,"43b18",283,"d6aa5",284,"12b3f",285,"1f0a1",142,"7871f",143,"b9732"],"native":[0,"10122",1,"a6a86",2,"1e650",3,"d659f",4,"40d5e",148,"b1299",5,"3223a",6,"05027",7,"489af",8,"ca6c7",9,"db6d6",10,"be2b0",11,"a0057",12,"e2b32",13,"1e6f2",14,"c27d0",15,"b38d4",16,"74c64",17,"9b212",18,"1b968",19,"ce40f",20,"fd447",21,"7c702",22,"97f4a",23,"90f19",24,"5fe49",25,"76950",26,"2eeb1",27,"eb348",28,"690a8",29,"d01ec",30,"b99e6",31,"bd923",32,"b0330",33,"7a743",34,"bfbcf",35,"82d18",36,"bfbcf",37,"bf377",38,"fbbf2",39,"a3a75",40,"3e51f",41,"ea581",42,"93a18",43,"09140",44,"7bf9f",45,"26b95",46,"89a69",47,"e4b96",48,"d288d",49,"695f2",180,"e72e8",50,"cfb81",51,"1e324",52,"84f78",53,"8f308",54,"609c6",55,"bd4b0",56,"004fc",57,"2bf86",58,"38004",59,"d09ca",60,"dcc28",61,"d054d",62,"0ab22",63,"1bdb1",64,"296eb",65,"f3174",66,"1295f",67,"846bc",68,"26e22",207,"02640",69,"eb944",70,"dbf39",71,"f58fd",72,"27f29",73,"fad95",74,"10a30",75,"df0c3",76,"52df5",218,"7258a",77,"8a33c",78,"82fd0",79,"345d0",80,"f4687",227,"2da9f",81,"ac1ad",82,"50b7d",229,"e4707",83,"37b0c",84,"31474",85,"56a64",86,"8087e",87,"6da10",88,"a2023",89,"be7e5",90,"d39ff",91,"8c6c7",92,"182ef",93,"5b93c",94,"72356",95,"f2740",96,"5e635",97,"4155d",98,"8e5c3",99,"34b79",100,"f1583",101,"165e8",102,"1e55e",103,"a0c68",104,"6acbf",105,"1e885",106,"2a05a",107,"32450",108,"6f806",109,"2bb18",110,"a31d3",111,"3a58b",112,"16631",113,"46d72",114,"293d1",115,"ec226",116,"c8fc0",117,"b4626",118,"4c20c",119,"0f4c0",120,"040c6",121,"7ce5c",122,"627d1",123,"ae96f",124,"adc46",125,"8e23d",126,"af626",127,"ed5a4",128,"71196",129,"ca531",130,"a39e4",131,"1b6e9",132,"bfbcf",133,"51e7a",273,"3485b",134,"beedc",135,"b7f59",136,"93e97",137,"efbfc",138,"e12ea",139,"3080d",140,"b1e7b",141,"aea8a",142,"489af",143,"52edd"]}}