[1,["2aQbeYCD1MWp+bfvF180KD"],0,[["sp.SkeletonData",["_name","_atlasText","textureNames","_skeletonJson","textures"],-1,3]],[[0,0,1,2,3,4,5]],[[0,"dating_box_2","\r\ndating_box_2.png\r\nsize: 1006,843\r\nformat: RGBA8888\r\nfilter: Linear,Linear\r\nrepeat: none\r\ndating/bx_8\r\n  rotate: false\r\n  xy: 2, 2\r\n  size: 266, 208\r\n  orig: 266, 270\r\n  offset: 0, 0\r\n  index: -1\r\ndating/bx_9\r\n  rotate: false\r\n  xy: 490, 303\r\n  size: 256, 270\r\n  orig: 266, 270\r\n  offset: 6, 0\r\n  index: -1\r\ndating/dating_bx/bx_3\r\n  rotate: false\r\n  xy: 803, 786\r\n  size: 62, 55\r\n  orig: 62, 55\r\n  offset: 0, 0\r\n  index: -1\r\ndating/dating_bx/bx_4\r\n  rotate: false\r\n  xy: 400, 155\r\n  size: 61, 55\r\n  orig: 61, 55\r\n  offset: 0, 0\r\n  index: -1\r\ndating/dating_bx/bx_5\r\n  rotate: false\r\n  xy: 803, 746\r\n  size: 44, 38\r\n  orig: 44, 38\r\n  offset: 0, 0\r\n  index: -1\r\ndating/dating_bx/bx_6\r\n  rotate: false\r\n  xy: 270, 24\r\n  size: 61, 56\r\n  orig: 61, 56\r\n  offset: 0, 0\r\n  index: -1\r\ndating/dating_bx/bx_8\r\n  rotate: false\r\n  xy: 2, 212\r\n  size: 486, 629\r\n  orig: 486, 629\r\n  offset: 0, 0\r\n  index: -1\r\nglow_02\r\n  rotate: false\r\n  xy: 270, 82\r\n  size: 128, 128\r\n  orig: 128, 128\r\n  offset: 0, 0\r\n  index: -1\r\nray_07\r\n  rotate: false\r\n  xy: 490, 45\r\n  size: 256, 256\r\n  orig: 256, 256\r\n  offset: 0, 0\r\n  index: -1\r\nring_14\r\n  rotate: false\r\n  xy: 748, 317\r\n  size: 256, 256\r\n  orig: 256, 256\r\n  offset: 0, 0\r\n  index: -1\r\nspark_06\r\n  rotate: false\r\n  xy: 748, 59\r\n  size: 256, 256\r\n  orig: 256, 256\r\n  offset: 0, 0\r\n  index: -1\r\nstar_04\r\n  rotate: false\r\n  xy: 490, 575\r\n  size: 311, 266\r\n  orig: 320, 320\r\n  offset: 0, 33\r\n  index: -1\r\n",["dating_box_2.png"],{"skeleton":{"hash":"jsleNcDwv6ZYOHv0wSneCdS/aUA","spine":"3.7.94","width":786.25,"height":724.08,"images":"../../tex/","audio":""},"bones":[{"name":"root"},{"name":"bone","parent":"root"},{"name":"bone2","parent":"root","rotation":90,"scaleX":1.25,"scaleY":1.25},{"name":"bone4","parent":"root","y":36.3,"scaleX":2,"scaleY":2},{"name":"bone5","parent":"root","y":36.3,"scaleX":2,"scaleY":2},{"name":"bone6","parent":"root","y":36.3,"scaleX":2,"scaleY":2},{"name":"bone7","parent":"root","y":36.3,"scaleX":2,"scaleY":2},{"name":"bone8","parent":"root","rotation":45,"y":36.3,"scaleX":2,"scaleY":2},{"name":"bone3","parent":"root","x":121.74,"y":149.87},{"name":"bone9","parent":"root","x":-98.89,"y":99.78},{"name":"bone10","parent":"root","x":159.73,"y":-23.61},{"name":"bone11","parent":"root","x":-163.98,"y":-79.83},{"name":"bone12","parent":"root","y":36.3,"scaleX":2,"scaleY":2},{"name":"bone13","parent":"root","rotation":90,"x":-163.98,"y":-79.83}],"slots":[{"name":"dating/dating_bx/bx_8","bone":"bone2","color":"ffffffb1","attachment":"dating/dating_bx/bx_8"},{"name":"dating/dating_bx/bx_1","bone":"bone","attachment":"dating/bx_8"},{"name":"spark_5","bone":"bone4","color":"ffce63ff","attachment":"spark_06","blend":"additive"},{"name":"spark_8","bone":"bone7","attachment":"star_04","blend":"additive"},{"name":"spark_10","bone":"bone12","attachment":"glow_02","blend":"additive"},{"name":"spark_6","bone":"bone5","attachment":"ray_07","blend":"additive"},{"name":"spark_9","bone":"bone8","attachment":"ray_07","blend":"additive"},{"name":"spark_7","bone":"bone6","attachment":"ring_14","blend":"additive"},{"name":"dating/dating_bx/bx_3","bone":"bone9","attachment":"dating/dating_bx/bx_3"},{"name":"dating/dating_bx/bx_4","bone":"bone10","attachment":"dating/dating_bx/bx_4"},{"name":"dating/dating_bx/bx_5","bone":"bone3","attachment":"dating/dating_bx/bx_5"},{"name":"dating/dating_bx/bx_6","bone":"bone11","attachment":"dating/dating_bx/bx_6"},{"name":"dating/dating_bx/bx_7","bone":"bone13","attachment":"dating/dating_bx/bx_6"}],"skins":{"default":{"dating/dating_bx/bx_1":{"dating/bx_8":{"y":24.37,"width":266,"height":270},"dating/bx_9":{"y":24.37,"width":266,"height":270}},"dating/dating_bx/bx_3":{"dating/dating_bx/bx_3":{"x":-0.88,"y":-4.37,"width":62,"height":55}},"dating/dating_bx/bx_4":{"dating/dating_bx/bx_4":{"x":1.73,"y":-1.03,"width":61,"height":55}},"dating/dating_bx/bx_5":{"dating/dating_bx/bx_5":{"x":1.92,"y":-3.79,"width":44,"height":38}},"dating/dating_bx/bx_6":{"dating/dating_bx/bx_6":{"x":-2,"y":-1.91,"width":61,"height":56}},"dating/dating_bx/bx_7":{"dating/dating_bx/bx_6":{"x":-2,"y":-1.91,"width":61,"height":56}},"dating/dating_bx/bx_8":{"dating/dating_bx/bx_8":{"width":486,"height":629}},"spark_10":{"glow_02":{"width":128,"height":128}},"spark_5":{"spark_06":{"width":256,"height":256}},"spark_6":{"ray_07":{"width":256,"height":256}},"spark_7":{"ring_14":{"width":256,"height":256}},"spark_8":{"star_04":{"width":320,"height":320}},"spark_9":{"ray_07":{"width":256,"height":256}}}},"animations":{"animation":{"slots":{"dating/dating_bx/bx_1":{"attachment":[{"time":1.2908,"name":"dating/bx_9"}]},"dating/dating_bx/bx_3":{"color":[{"time":0,"color":"ffffff00","curve":"stepped"},{"time":1.2874,"color":"ffffff00"},{"time":1.3503,"color":"ffffffff","curve":"stepped"},{"time":1.497,"color":"ffffffff"},{"time":1.6017,"color":"ffffff00"}]},"dating/dating_bx/bx_4":{"color":[{"time":0,"color":"ffffff00","curve":"stepped"},{"time":1.2908,"color":"ffffff00"},{"time":1.3908,"color":"ffffffff","curve":"stepped"},{"time":1.6241,"color":"ffffffff"},{"time":1.7908,"color":"ffffff00"}]},"dating/dating_bx/bx_5":{"color":[{"time":0,"color":"ffffff00","curve":"stepped"},{"time":1.2908,"color":"ffffff00"},{"time":1.3908,"color":"ffffffff","curve":"stepped"},{"time":1.6241,"color":"ffffffff"},{"time":1.7908,"color":"ffffff00"}]},"dating/dating_bx/bx_6":{"color":[{"time":0,"color":"ffffff00","curve":"stepped"},{"time":1.2908,"color":"ffffff00"},{"time":1.4248,"color":"ffffffff","curve":"stepped"},{"time":1.7376,"color":"ffffffff"},{"time":1.9611,"color":"ffffff00"}]},"dating/dating_bx/bx_7":{"color":[{"time":0,"color":"ffffff00","curve":"stepped"},{"time":1.2921,"color":"ffffff00"},{"time":1.4333,"color":"ffffffff","curve":"stepped"},{"time":1.7631,"color":"ffffffff"},{"time":1.9987,"color":"ffffff00"}]},"dating/dating_bx/bx_8":{"color":[{"time":0,"color":"ffffff00","curve":"stepped"},{"time":0.3333,"color":"ffffff00"},{"time":0.5,"color":"ffffffff"}]},"spark_5":{"color":[{"time":0,"color":"ffcd6300","curve":"stepped"},{"time":1.2908,"color":"ffcd6300"},{"time":1.4574,"color":"ffcc63ff"},{"time":1.9,"color":"ffcd6300"}]},"spark_6":{"color":[{"time":0,"color":"ffffff00","curve":"stepped"},{"time":1.2908,"color":"ffffff00"},{"time":1.4574,"color":"ffffff7f"},{"time":1.9574,"color":"ffffff00"}]},"spark_7":{"color":[{"time":0,"color":"ffe49f00","curve":"stepped"},{"time":1.2908,"color":"ffe49f00"},{"time":1.4574,"color":"ffe59fa3"},{"time":2.4574,"color":"ffe49f00"}]},"spark_8":{"color":[{"time":0,"color":"ffffff00","curve":"stepped"},{"time":1.2908,"color":"ffffff00"},{"time":1.3908,"color":"ffffffff"},{"time":1.5574,"color":"ffffff00"}]},"spark_9":{"color":[{"time":0,"color":"ffffff00","curve":"stepped"},{"time":1.4574,"color":"ffffff00"},{"time":1.6241,"color":"ffffff7f"},{"time":2.1241,"color":"ffffff00"}]},"spark_10":{"color":[{"time":0,"color":"ffffff00","curve":"stepped"},{"time":1.2908,"color":"ffffff00"},{"time":1.3908,"color":"ffffffff"},{"time":1.5574,"color":"ffffff00"}]}},"bones":{"bone":{"rotate":[{"time":0.5724,"angle":0,"curve":[0.25,0,0.609,0.51]},{"time":0.6827,"angle":10},{"time":0.7929,"angle":-10},{"time":0.9033,"angle":10},{"time":1.0136,"angle":-10,"curve":[0.391,0.51,0.75,1]},{"time":1.1241,"angle":0}],"translate":[{"time":0,"x":0,"y":910.83,"curve":[0.468,0.6,0.75,1]},{"time":0.3995,"x":0,"y":12.04}],"scale":[{"time":0,"x":0,"y":0},{"time":0.1847,"x":1.4,"y":1.4},{"time":0.3379,"x":1,"y":1},{"time":0.3995,"x":1.1,"y":0.9},{"time":0.4919,"x":1,"y":1}]},"bone4":{"scale":[{"time":0,"x":0.5,"y":0.5,"curve":"stepped"},{"time":1.2908,"x":0.5,"y":0.5,"curve":[0.394,0.51,0.75,1]},{"time":1.9,"x":2.25,"y":2.25}]},"bone5":{"scale":[{"time":0,"x":0.5,"y":0.5,"curve":"stepped"},{"time":1.2908,"x":0.5,"y":0.5,"curve":[0.394,0.51,0.75,1]},{"time":1.9574,"x":2.25,"y":2.25}]},"bone6":{"scale":[{"time":0,"x":0,"y":0,"curve":"stepped"},{"time":1.2908,"x":0,"y":0,"curve":[0.394,0.96,0.75,1]},{"time":2.4574,"x":2.25,"y":2.25}]},"bone7":{"scale":[{"time":0,"x":0.625,"y":0.625,"curve":[0.394,0.51,0.75,1]},{"time":1.2908,"x":0.75,"y":0.75,"curve":[0.394,0.51,0.75,1]},{"time":1.5574,"x":2.05,"y":2.05}]},"bone8":{"scale":[{"time":0,"x":0.5,"y":0.5,"curve":"stepped"},{"time":1.4574,"x":0.5,"y":0.5,"curve":[0.394,0.51,0.75,1]},{"time":2.1241,"x":2.25,"y":2.25}]},"bone3":{"translate":[{"time":0,"x":-121.74,"y":-105.79,"curve":"stepped"},{"time":1.2908,"x":-121.74,"y":-105.79,"curve":[0.387,0.5,0.75,1]},{"time":1.7908,"x":279.26,"y":143.06}],"scale":[{"time":0,"x":1,"y":1},{"time":1.2908,"x":0.5,"y":0.5},{"time":1.4574,"x":1.7,"y":1.7},{"time":1.7908,"x":1,"y":1}]},"bone9":{"translate":[{"time":0,"x":91.56,"y":-57.44,"curve":"stepped"},{"time":1.2874,"x":91.56,"y":-57.44,"curve":[0.387,0.5,0.75,1]},{"time":1.6017,"x":-279.03,"y":156.13}],"scale":[{"time":0,"x":1,"y":1},{"time":1.2874,"x":0.5,"y":0.5},{"time":1.392,"x":1.7,"y":1.7},{"time":1.601,"x":1,"y":1}]},"bone10":{"translate":[{"time":0,"x":-141.65,"y":66.27,"curve":"stepped"},{"time":1.2908,"x":-141.65,"y":66.27,"curve":[0.387,0.5,0.75,1]},{"time":1.7908,"x":253.67,"y":-148.45}],"scale":[{"time":0,"x":1,"y":1},{"time":1.2908,"x":0.5,"y":0.5},{"time":1.4574,"x":1.7,"y":1.7},{"time":1.7908,"x":1,"y":1}]},"bone11":{"translate":[{"time":0,"x":145.59,"y":110.35,"curve":"stepped"},{"time":1.2908,"x":145.59,"y":110.35,"curve":[0.387,0.5,0.75,1]},{"time":1.9611,"x":-321.87,"y":-256.43}],"scale":[{"time":0,"x":1,"y":1},{"time":1.2908,"x":0.5,"y":0.5},{"time":1.5149,"x":1.7,"y":1.7},{"time":1.9631,"x":1,"y":1}]},"bone12":{"scale":[{"time":0,"x":2.5,"y":2.5,"curve":"stepped"},{"time":1.2908,"x":2.5,"y":2.5,"curve":[0.394,0.51,0.75,1]},{"time":1.5574,"x":4.5,"y":4.5}]},"bone13":{"translate":[{"time":0,"x":145.59,"y":110.35,"curve":"stepped"},{"time":1.2921,"x":145.59,"y":110.35,"curve":[0.387,0.5,0.75,1]},{"time":1.9987,"x":282.73,"y":642.53}],"scale":[{"time":0,"x":1,"y":1},{"time":1.2921,"x":0.5,"y":0.5},{"time":1.5283,"x":1.7,"y":1.7},{"time":1.9987,"x":0.5,"y":0.5}]}}}}},[0]]],0,0,[0],[-1],[0]]