[1,["59YrTmc35DhZ2+mxoLsp7x"],["spriteFrame"],[["cc.BitmapFont",["_name","fontSize","_fntConfig"],0]],[[0,0,1,2,4]],[[0,"chipclose",32,{"commonHeight":18,"fontSize":32,"atlasName":"chipwin.png","fontDefDictionary":{"9":{"xOffset":0,"yOffset":0,"xAdvance":160,"rect":{"x":0,"y":0,"width":0,"height":0}},"32":{"xOffset":0,"yOffset":0,"xAdvance":20,"rect":{"x":0,"y":0,"width":0,"height":0}},"43":{"xOffset":0,"yOffset":-11,"xAdvance":23,"rect":{"x":50,"y":0,"width":22,"height":27}},"44":{"xOffset":0,"yOffset":4,"xAdvance":12,"rect":{"x":34,"y":108,"width":11,"height":18}},"45":{"xOffset":0,"yOffset":-5,"xAdvance":22,"rect":{"x":0,"y":108,"width":21,"height":13}},"46":{"xOffset":0,"yOffset":4,"xAdvance":12,"rect":{"x":22,"y":108,"width":11,"height":15}},"48":{"xOffset":0,"yOffset":-17,"xAdvance":24,"rect":{"x":26,"y":72,"width":23,"height":35}},"49":{"xOffset":0,"yOffset":-18,"xAdvance":17,"rect":{"x":112,"y":72,"width":16,"height":36}},"50":{"xOffset":0,"yOffset":-17,"xAdvance":23,"rect":{"x":50,"y":28,"width":22,"height":35}},"51":{"xOffset":0,"yOffset":-17,"xAdvance":22,"rect":{"x":73,"y":72,"width":21,"height":35}},"52":{"xOffset":0,"yOffset":-17,"xAdvance":26,"rect":{"x":0,"y":0,"width":25,"height":35}},"53":{"xOffset":0,"yOffset":-17,"xAdvance":22,"rect":{"x":73,"y":36,"width":21,"height":35}},"54":{"xOffset":0,"yOffset":-17,"xAdvance":24,"rect":{"x":26,"y":36,"width":23,"height":35}},"55":{"xOffset":0,"yOffset":-17,"xAdvance":23,"rect":{"x":73,"y":0,"width":22,"height":35}},"56":{"xOffset":0,"yOffset":-17,"xAdvance":24,"rect":{"x":26,"y":0,"width":23,"height":35}},"57":{"xOffset":0,"yOffset":-17,"xAdvance":23,"rect":{"x":50,"y":64,"width":22,"height":35}},"67":{"xOffset":0,"yOffset":-17,"xAdvance":26,"rect":{"x":0,"y":71,"width":25,"height":35}},"76":{"xOffset":0,"yOffset":-17,"xAdvance":21,"rect":{"x":95,"y":36,"width":20,"height":35}},"114":{"xOffset":0,"yOffset":-10,"xAdvance":17,"rect":{"x":95,"y":72,"width":16,"height":28}},"8377":{"xOffset":0,"yOffset":-17,"xAdvance":26,"rect":{"x":0,"y":36,"width":25,"height":34}}},"kerningDict":{}}]],0,0,[0],[0],[0]]