[1,["f8sahXy49LiKUCM44RSrF8"],["spriteFrame"],[["cc.BitmapFont",["_name","fontSize","_fntConfig"],0]],[[0,0,1,2,4]],[[0,"VIP3",32,{"commonHeight":80,"fontSize":32,"atlasName":"F:\\工作文件\\A1正式版\\弹框\\vip\\VIP3VIP数字-export.png","fontDefDictionary":{"9":{"xOffset":0,"yOffset":0,"xAdvance":160,"rect":{"x":0,"y":0,"width":0,"height":0}},"32":{"xOffset":0,"yOffset":0,"xAdvance":20,"rect":{"x":0,"y":0,"width":0,"height":0}},"48":{"xOffset":0,"yOffset":42,"xAdvance":24,"rect":{"x":27,"y":37,"width":23,"height":38}},"49":{"xOffset":0,"yOffset":42,"xAdvance":16,"rect":{"x":95,"y":78,"width":15,"height":38}},"50":{"xOffset":0,"yOffset":42,"xAdvance":23,"rect":{"x":72,"y":76,"width":22,"height":38}},"51":{"xOffset":0,"yOffset":42,"xAdvance":22,"rect":{"x":75,"y":0,"width":21,"height":38}},"52":{"xOffset":0,"yOffset":42,"xAdvance":27,"rect":{"x":0,"y":37,"width":26,"height":38}},"53":{"xOffset":0,"yOffset":42,"xAdvance":21,"rect":{"x":95,"y":39,"width":20,"height":38}},"54":{"xOffset":0,"yOffset":42,"xAdvance":24,"rect":{"x":51,"y":0,"width":23,"height":38}},"55":{"xOffset":0,"yOffset":42,"xAdvance":24,"rect":{"x":48,"y":76,"width":23,"height":38}},"56":{"xOffset":0,"yOffset":42,"xAdvance":24,"rect":{"x":24,"y":76,"width":23,"height":38}},"57":{"xOffset":0,"yOffset":42,"xAdvance":24,"rect":{"x":0,"y":76,"width":23,"height":38}},"73":{"xOffset":0,"yOffset":45,"xAdvance":8,"rect":{"x":29,"y":0,"width":7,"height":36}},"80":{"xOffset":0,"yOffset":45,"xAdvance":24,"rect":{"x":51,"y":39,"width":23,"height":36}},"86":{"xOffset":0,"yOffset":45,"xAdvance":29,"rect":{"x":0,"y":0,"width":28,"height":36}}},"kerningDict":{}}]],0,0,[0],[0],[0]]