[1,0,0,[["cc.AnimationClip",["_name","_duration","speed","curveData"],-1]],[[0,0,1,2,3,5]],[[0,"loginClip",0.3333333333333333,1.3,{"paths":{"bot":{"props":{"position":[{"frame":0,"value":[0,-859,0]},{"frame":0.3333333333333333,"value":[0,-359,0]}]}},"languageLayout":{"props":{"y":[{"frame":0,"value":-420.052},{"frame":0.3333333333333333,"value":-310.052}]}},"logoxiao":{"props":{"position":[{"frame":0,"value":[-448.884,424.06100000000004,0]},{"frame":0.3333333333333333,"value":[-448.884,262.06100000000004,0]}]}}}}]],0,0,[],[],[]]