[1,["88MRg0t6BAErr4S7BcxYoV"],0,[["sp.SkeletonData",["_name","_atlasText","textureNames","_skeletonJson","textures"],-1,3]],[[0,0,1,2,3,4,5]],[[0,"animation_kaishi_H","\r\nanimation_kaishi_H.png\r\nsize: 2048,512\r\nformat: RGBA8888\r\nfilter: Linear,Linear\r\nrepeat: none\r\n01\r\n  rotate: false\r\n  xy: 2, 195\r\n  size: 627, 191\r\n  orig: 627, 191\r\n  offset: 0, 0\r\n  index: -1\r\n02\r\n  rotate: false\r\n  xy: 2, 2\r\n  size: 627, 191\r\n  orig: 627, 191\r\n  offset: 0, 0\r\n  index: -1\r\n03\r\n  rotate: false\r\n  xy: 1284, 239\r\n  size: 28, 22\r\n  orig: 28, 22\r\n  offset: 0, 0\r\n  index: -1\r\n04\r\n  rotate: false\r\n  xy: 664, 118\r\n  size: 19, 19\r\n  orig: 19, 19\r\n  offset: 0, 0\r\n  index: -1\r\n05\r\n  rotate: false\r\n  xy: 631, 111\r\n  size: 31, 26\r\n  orig: 31, 26\r\n  offset: 0, 0\r\n  index: -1\r\n06\r\n  rotate: false\r\n  xy: 1945, 365\r\n  size: 22, 20\r\n  orig: 22, 20\r\n  offset: 0, 0\r\n  index: -1\r\n08\r\n  rotate: false\r\n  xy: 631, 89\r\n  size: 20, 20\r\n  orig: 20, 20\r\n  offset: 0, 0\r\n  index: -1\r\n_0000_06\r\n  rotate: false\r\n  xy: 1302, 263\r\n  size: 641, 122\r\n  orig: 641, 122\r\n  offset: 0, 0\r\n  index: -1\r\n_0001_05\r\n  rotate: false\r\n  xy: 631, 139\r\n  size: 651, 122\r\n  orig: 651, 122\r\n  offset: 0, 0\r\n  index: -1\r\n_0002_04\r\n  rotate: false\r\n  xy: 1384, 387\r\n  size: 659, 122\r\n  orig: 659, 122\r\n  offset: 0, 0\r\n  index: -1\r\n_0003_03\r\n  rotate: false\r\n  xy: 631, 263\r\n  size: 669, 122\r\n  orig: 669, 122\r\n  offset: 0, 0\r\n  index: -1\r\n_0004_02\r\n  rotate: false\r\n  xy: 703, 387\r\n  size: 679, 122\r\n  orig: 679, 122\r\n  offset: 0, 0\r\n  index: -1\r\n_0005_01\r\n  rotate: false\r\n  xy: 2, 388\r\n  size: 699, 121\r\n  orig: 699, 121\r\n  offset: 0, 0\r\n  index: -1\r\n",["animation_kaishi_H.png"],{"skeleton":{"hash":"ukVYpv1+cwwLBZk4E6LmtTxkeug","spine":"3.6.53","width":699,"height":291.25,"images":""},"bones":[{"name":"root"},{"name":"suipian2","parent":"root","x":-29.95,"y":-29.02,"scaleX":-1},{"name":"3","parent":"suipian2","x":143.22},{"name":"4","parent":"suipian2","x":160.16},{"name":"5","parent":"suipian2","x":117.96,"y":-23.41},{"name":"6","parent":"suipian2","x":184.34,"y":-9.83},{"name":"xing2","parent":"root","x":58.06,"y":-66.99},{"name":"8","parent":"xing2","x":-37,"y":56.61},{"name":"9","parent":"xing2","x":-4,"y":35.52},{"name":"01","parent":"root","x":6.56,"y":53.32},{"name":"02","parent":"root","y":-46.93},{"name":"suipian","parent":"root","y":-30.89},{"name":"03","parent":"suipian","x":143.22},{"name":"04","parent":"suipian","x":160.16},{"name":"05","parent":"suipian","x":117.96,"y":-23.41},{"name":"06","parent":"suipian","x":184.34,"y":-9.83},{"name":"xing","parent":"root"},{"name":"08","parent":"xing","x":-37,"y":56.61},{"name":"008","parent":"xing","x":-4,"y":35.52},{"name":"0008","parent":"xing","x":18.18,"y":59.32},{"name":"00008","parent":"xing","x":118.26,"y":32.81},{"name":"000008","parent":"xing","x":67.41,"y":32.81},{"name":"0000008","parent":"xing","x":142.07,"y":40.93},{"name":"00000008","parent":"xing","x":87.43,"y":71.76},{"name":"000000008","parent":"xing","x":49.02,"y":71.76},{"name":"0000000008","parent":"xing","x":58.75,"y":15.5},{"name":"00000000008","parent":"xing","x":17.1,"y":7.92},{"name":"000000000008","parent":"xing","x":89.05,"y":7.92},{"name":"10","parent":"xing2","x":18.18,"y":59.32},{"name":"11","parent":"xing2","x":118.26,"y":32.81},{"name":"12","parent":"xing2","x":67.41,"y":32.81},{"name":"13","parent":"xing2","x":142.07,"y":40.93},{"name":"14","parent":"xing2","x":87.43,"y":71.76},{"name":"15","parent":"xing2","x":49.02,"y":71.76},{"name":"16","parent":"xing2","x":58.75,"y":15.5},{"name":"17","parent":"xing2","x":17.1,"y":7.92},{"name":"18","parent":"xing2","x":89.05,"y":7.92},{"name":"xing3","parent":"root","x":-73.37,"y":-66.99,"scaleX":-1},{"name":"19","parent":"xing3","x":-37,"y":56.61},{"name":"20","parent":"xing3","x":-4,"y":35.52},{"name":"21","parent":"xing3","x":18.18,"y":59.32},{"name":"22","parent":"xing3","x":118.26,"y":32.81},{"name":"23","parent":"xing3","x":67.41,"y":32.81},{"name":"24","parent":"xing3","x":142.07,"y":40.93},{"name":"25","parent":"xing3","x":87.43,"y":71.76},{"name":"26","parent":"xing3","x":49.02,"y":71.76},{"name":"27","parent":"xing3","x":58.75,"y":15.5},{"name":"28","parent":"xing3","x":17.1,"y":7.92},{"name":"29","parent":"xing3","x":89.05,"y":7.92}],"slots":[{"name":"01","bone":"root","attachment":"_0005_01"},{"name":"2","bone":"root","attachment":"_0005_01","blend":"additive"},{"name":"02","bone":"02","attachment":"02","blend":"additive"},{"name":"1","bone":"01","attachment":"01","blend":"additive"},{"name":"03","bone":"03","attachment":"03","blend":"additive"},{"name":"3","bone":"3","attachment":"03","blend":"additive"},{"name":"04","bone":"04","attachment":"04","blend":"additive"},{"name":"4","bone":"4","attachment":"04","blend":"additive"},{"name":"05","bone":"05","attachment":"05","blend":"additive"},{"name":"5","bone":"5","attachment":"05","blend":"additive"},{"name":"06","bone":"06","attachment":"06","blend":"additive"},{"name":"6","bone":"6","attachment":"06","blend":"additive"},{"name":"08","bone":"08","attachment":"08","blend":"additive"},{"name":"8","bone":"8","attachment":"08","blend":"additive"},{"name":"19","bone":"19","attachment":"08","blend":"additive"},{"name":"008","bone":"008","attachment":"08","blend":"additive"},{"name":"9","bone":"9","attachment":"08","blend":"additive"},{"name":"20","bone":"20","attachment":"08","blend":"additive"},{"name":"0008","bone":"0008","attachment":"08","blend":"additive"},{"name":"10","bone":"10","attachment":"08","blend":"additive"},{"name":"21","bone":"21","attachment":"08","blend":"additive"},{"name":"00008","bone":"00008","attachment":"08","blend":"additive"},{"name":"11","bone":"11","attachment":"08","blend":"additive"},{"name":"22","bone":"22","attachment":"08","blend":"additive"},{"name":"000008","bone":"000008","attachment":"08","blend":"additive"},{"name":"12","bone":"12","attachment":"08","blend":"additive"},{"name":"23","bone":"23","attachment":"08","blend":"additive"},{"name":"0000008","bone":"0000008","attachment":"08","blend":"additive"},{"name":"13","bone":"13","attachment":"08","blend":"additive"},{"name":"24","bone":"24","attachment":"08","blend":"additive"},{"name":"00000008","bone":"00000008","attachment":"08","blend":"additive"},{"name":"14","bone":"14","attachment":"08","blend":"additive"},{"name":"25","bone":"25","attachment":"08","blend":"additive"},{"name":"000000008","bone":"000000008","attachment":"08","blend":"additive"},{"name":"15","bone":"15","attachment":"08","blend":"additive"},{"name":"26","bone":"26","attachment":"08","blend":"additive"},{"name":"0000000008","bone":"0000000008","attachment":"08","blend":"additive"},{"name":"16","bone":"16","attachment":"08","blend":"additive"},{"name":"27","bone":"27","attachment":"08","blend":"additive"},{"name":"00000000008","bone":"00000000008","attachment":"08","blend":"additive"},{"name":"17","bone":"17","attachment":"08","blend":"additive"},{"name":"28","bone":"28","attachment":"08","blend":"additive"},{"name":"000000000008","bone":"000000000008","attachment":"08","blend":"additive"},{"name":"18","bone":"18","attachment":"08","blend":"additive"},{"name":"29","bone":"29","attachment":"08","blend":"additive"}],"skins":{"default":{"1":{"01":{"width":627,"height":191}},"2":{"_0000_06":{"width":641,"height":122},"_0001_05":{"width":651,"height":122},"_0002_04":{"width":659,"height":122},"_0003_03":{"width":669,"height":122},"_0004_02":{"width":679,"height":122},"_0005_01":{"width":699,"height":121}},"3":{"03":{"width":28,"height":22}},"4":{"04":{"width":19,"height":19}},"5":{"05":{"width":31,"height":26}},"6":{"06":{"width":22,"height":20}},"8":{"08":{"width":20,"height":20}},"9":{"08":{"width":20,"height":20}},"10":{"08":{"width":20,"height":20}},"11":{"08":{"width":20,"height":20}},"12":{"08":{"width":20,"height":20}},"13":{"08":{"width":20,"height":20}},"14":{"08":{"width":20,"height":20}},"15":{"08":{"width":20,"height":20}},"16":{"08":{"width":20,"height":20}},"17":{"08":{"width":20,"height":20}},"18":{"08":{"width":20,"height":20}},"19":{"08":{"width":20,"height":20}},"20":{"08":{"width":20,"height":20}},"21":{"08":{"width":20,"height":20}},"22":{"08":{"width":20,"height":20}},"23":{"08":{"width":20,"height":20}},"24":{"08":{"width":20,"height":20}},"25":{"08":{"width":20,"height":20}},"26":{"08":{"width":20,"height":20}},"27":{"08":{"width":20,"height":20}},"28":{"08":{"width":20,"height":20}},"29":{"08":{"width":20,"height":20}},"000000000008":{"08":{"width":20,"height":20}},"00000000008":{"08":{"width":20,"height":20}},"0000000008":{"08":{"width":20,"height":20}},"000000008":{"08":{"width":20,"height":20}},"00000008":{"08":{"width":20,"height":20}},"0000008":{"08":{"width":20,"height":20}},"000008":{"08":{"width":20,"height":20}},"00008":{"08":{"width":20,"height":20}},"0008":{"08":{"width":20,"height":20}},"008":{"08":{"width":20,"height":20}},"01":{"_0000_06":{"width":641,"height":122},"_0001_05":{"width":651,"height":122},"_0002_04":{"width":659,"height":122},"_0003_03":{"width":669,"height":122},"_0004_02":{"width":679,"height":122},"_0005_01":{"width":699,"height":121}},"02":{"02":{"width":627,"height":191}},"03":{"03":{"width":28,"height":22}},"04":{"04":{"width":19,"height":19}},"05":{"05":{"width":31,"height":26}},"06":{"06":{"width":22,"height":20}},"08":{"08":{"width":20,"height":20}}}},"animations":{"animation_kaishi_H":{"slots":{"2":{"color":[{"time":0,"color":"ffffff00"},{"time":0.2333,"color":"ffffffff"},{"time":0.4333,"color":"ffffff00"}],"attachment":[{"time":0,"name":null},{"time":0.1,"name":"_0005_01"},{"time":0.1667,"name":"_0004_02"},{"time":0.2333,"name":"_0003_03"},{"time":0.3,"name":"_0002_04"},{"time":0.3667,"name":"_0001_05"},{"time":0.4333,"name":"_0000_06"}]},"3":{"color":[{"time":0,"color":"ffffff00"},{"time":0.2333,"color":"ffffffff"},{"time":0.3,"color":"ffffff00"}]},"4":{"color":[{"time":0,"color":"ffffff00"},{"time":0.2333,"color":"ffffffff"},{"time":0.3,"color":"ffffff00"}]},"5":{"color":[{"time":0,"color":"ffffff00"},{"time":0.2333,"color":"ffffffff"},{"time":0.3,"color":"ffffff00"}]},"6":{"color":[{"time":0,"color":"ffffff00"},{"time":0.2333,"color":"ffffffff"},{"time":0.3,"color":"ffffff00"}]},"01":{"attachment":[{"time":0,"name":null},{"time":0.1,"name":"_0005_01"},{"time":0.1667,"name":"_0004_02"},{"time":0.2333,"name":"_0003_03"},{"time":0.3,"name":"_0002_04"},{"time":0.3667,"name":"_0001_05"},{"time":0.4333,"name":"_0000_06"},{"time":1,"name":"_0000_06"}]},"03":{"color":[{"time":0,"color":"ffffff00"},{"time":0.2333,"color":"ffffffff"},{"time":0.3,"color":"ffffff00"}]},"04":{"color":[{"time":0,"color":"ffffff00"},{"time":0.2333,"color":"ffffffff"},{"time":0.3,"color":"ffffff00"}]},"05":{"color":[{"time":0,"color":"ffffff00"},{"time":0.2333,"color":"ffffffff"},{"time":0.3,"color":"ffffff00"}]},"06":{"color":[{"time":0,"color":"ffffff00"},{"time":0.2333,"color":"ffffffff"},{"time":0.3,"color":"ffffff00"}]}},"bones":{"3":{"rotate":[{"time":0,"angle":0,"curve":"stepped"},{"time":0.3,"angle":0}],"translate":[{"time":0,"x":0,"y":0},{"time":0.3,"x":56.92,"y":-40.18}],"scale":[{"time":0,"x":0,"y":0},{"time":0.3,"x":1,"y":1}]},"4":{"rotate":[{"time":0,"angle":0,"curve":"stepped"},{"time":0.3,"angle":0}],"translate":[{"time":0,"x":0,"y":0},{"time":0.3,"x":39.8,"y":2.23}],"scale":[{"time":0,"x":0,"y":0},{"time":0.3,"x":1,"y":1}]},"5":{"rotate":[{"time":0,"angle":0,"curve":"stepped"},{"time":0.3,"angle":0}],"translate":[{"time":0,"x":19.89,"y":2.34},{"time":0.3,"x":35.14,"y":-39.32}],"scale":[{"time":0,"x":0,"y":0},{"time":0.3,"x":1,"y":1}]},"6":{"rotate":[{"time":0,"angle":0,"curve":"stepped"},{"time":0.3,"angle":0}],"translate":[{"time":0,"x":-35.8,"y":33.46},{"time":0.3,"x":4.75,"y":58.76}],"scale":[{"time":0,"x":0,"y":0},{"time":0.3,"x":1,"y":1}]},"8":{"rotate":[{"time":0,"angle":0,"curve":"stepped"},{"time":0.3333,"angle":0}],"translate":[{"time":0,"x":0,"y":0},{"time":0.3333,"x":0,"y":33.74}],"scale":[{"time":0,"x":0,"y":0},{"time":0.1667,"x":1.5,"y":1.5},{"time":0.3333,"x":0,"y":0}]},"9":{"rotate":[{"time":0,"angle":0,"curve":"stepped"},{"time":0.3333,"angle":0}],"translate":[{"time":0,"x":0,"y":0},{"time":0.3333,"x":41.96,"y":29.59}],"scale":[{"time":0,"x":0,"y":0},{"time":0.1667,"x":1.5,"y":1.5},{"time":0.3333,"x":0,"y":0}]},"10":{"rotate":[{"time":0,"angle":0,"curve":"stepped"},{"time":0.3333,"angle":0}],"translate":[{"time":0,"x":0,"y":0},{"time":0.3333,"x":-1.61,"y":29.59}],"scale":[{"time":0,"x":0,"y":0},{"time":0.1667,"x":1.5,"y":1.5},{"time":0.3333,"x":0,"y":0}]},"11":{"rotate":[{"time":0,"angle":0,"curve":"stepped"},{"time":0.3333,"angle":0}],"translate":[{"time":0,"x":0,"y":0},{"time":0.3333,"x":37.66,"y":28.51}],"scale":[{"time":0,"x":0,"y":0},{"time":0.1667,"x":1.5,"y":1.5},{"time":0.3333,"x":0,"y":0}]},"12":{"rotate":[{"time":0,"angle":0,"curve":"stepped"},{"time":0.3333,"angle":0}],"translate":[{"time":0,"x":0,"y":0},{"time":0.3333,"x":19.37,"y":21.52}],"scale":[{"time":0,"x":0,"y":0},{"time":0.1667,"x":1.5,"y":1.5},{"time":0.3333,"x":0,"y":0}]},"13":{"rotate":[{"time":0,"angle":0,"curve":"stepped"},{"time":0.3333,"angle":0}],"translate":[{"time":0,"x":0,"y":0},{"time":0.3333,"x":55.95,"y":37.66}],"scale":[{"time":0,"x":0,"y":0},{"time":0.1667,"x":1.5,"y":1.5},{"time":0.3333,"x":0,"y":0}]},"14":{"rotate":[{"time":0,"angle":0,"curve":"stepped"},{"time":0.3333,"angle":0}],"translate":[{"time":0,"x":0,"y":0},{"time":0.3333,"x":39.81,"y":8.07}],"scale":[{"time":0,"x":0,"y":0},{"time":0.1667,"x":1.5,"y":1.5},{"time":0.3333,"x":0,"y":0}]},"15":{"rotate":[{"time":0,"angle":0,"curve":"stepped"},{"time":0.3333,"angle":0}],"translate":[{"time":0,"x":0,"y":0},{"time":0.3333,"x":34.97,"y":13.99}],"scale":[{"time":0,"x":0,"y":0},{"time":0.1667,"x":1.5,"y":1.5},{"time":0.3333,"x":0,"y":0}]},"16":{"rotate":[{"time":0,"angle":0,"curve":"stepped"},{"time":0.3333,"angle":0}],"translate":[{"time":0,"x":0,"y":0},{"time":0.3333,"x":0,"y":61.33}],"scale":[{"time":0,"x":0,"y":0},{"time":0.1667,"x":1.5,"y":1.5},{"time":0.3333,"x":0,"y":0}]},"17":{"rotate":[{"time":0,"angle":0,"curve":"stepped"},{"time":0.3333,"angle":0}],"translate":[{"time":0,"x":0,"y":0},{"time":0.3333,"x":-15.06,"y":58.1}],"scale":[{"time":0,"x":0,"y":0},{"time":0.1667,"x":1.5,"y":1.5},{"time":0.3333,"x":0,"y":0}]},"18":{"rotate":[{"time":0,"angle":0,"curve":"stepped"},{"time":0.3333,"angle":0}],"translate":[{"time":0,"x":0,"y":0},{"time":0.3333,"x":25.82,"y":27.98}],"scale":[{"time":0,"x":0,"y":0},{"time":0.1667,"x":1.5,"y":1.5},{"time":0.3333,"x":0,"y":0}]},"19":{"rotate":[{"time":0,"angle":0,"curve":"stepped"},{"time":0.3333,"angle":0}],"translate":[{"time":0,"x":0,"y":0},{"time":0.3333,"x":0,"y":33.74}],"scale":[{"time":0,"x":0,"y":0},{"time":0.1667,"x":1.5,"y":1.5},{"time":0.3333,"x":0,"y":0}]},"20":{"rotate":[{"time":0,"angle":0,"curve":"stepped"},{"time":0.3333,"angle":0}],"translate":[{"time":0,"x":0,"y":0},{"time":0.3333,"x":41.96,"y":29.59}],"scale":[{"time":0,"x":0,"y":0},{"time":0.1667,"x":1.5,"y":1.5},{"time":0.3333,"x":0,"y":0}]},"21":{"rotate":[{"time":0,"angle":0,"curve":"stepped"},{"time":0.3333,"angle":0}],"translate":[{"time":0,"x":0,"y":0},{"time":0.3333,"x":-1.61,"y":29.59}],"scale":[{"time":0,"x":0,"y":0},{"time":0.1667,"x":1.5,"y":1.5},{"time":0.3333,"x":0,"y":0}]},"22":{"rotate":[{"time":0,"angle":0,"curve":"stepped"},{"time":0.3333,"angle":0}],"translate":[{"time":0,"x":0,"y":0},{"time":0.3333,"x":37.66,"y":28.51}],"scale":[{"time":0,"x":0,"y":0},{"time":0.1667,"x":1.5,"y":1.5},{"time":0.3333,"x":0,"y":0}]},"23":{"rotate":[{"time":0,"angle":0,"curve":"stepped"},{"time":0.3333,"angle":0}],"translate":[{"time":0,"x":0,"y":0},{"time":0.3333,"x":19.37,"y":21.52}],"scale":[{"time":0,"x":0,"y":0},{"time":0.1667,"x":1.5,"y":1.5},{"time":0.3333,"x":0,"y":0}]},"24":{"rotate":[{"time":0,"angle":0,"curve":"stepped"},{"time":0.3333,"angle":0}],"translate":[{"time":0,"x":0,"y":0},{"time":0.3333,"x":55.95,"y":37.66}],"scale":[{"time":0,"x":0,"y":0},{"time":0.1667,"x":1.5,"y":1.5},{"time":0.3333,"x":0,"y":0}]},"25":{"rotate":[{"time":0,"angle":0,"curve":"stepped"},{"time":0.3333,"angle":0}],"translate":[{"time":0,"x":0,"y":0},{"time":0.3333,"x":39.81,"y":8.07}],"scale":[{"time":0,"x":0,"y":0},{"time":0.1667,"x":1.5,"y":1.5},{"time":0.3333,"x":0,"y":0}]},"26":{"rotate":[{"time":0,"angle":0,"curve":"stepped"},{"time":0.3333,"angle":0}],"translate":[{"time":0,"x":0,"y":0},{"time":0.3333,"x":34.97,"y":13.99}],"scale":[{"time":0,"x":0,"y":0},{"time":0.1667,"x":1.5,"y":1.5},{"time":0.3333,"x":0,"y":0}]},"27":{"rotate":[{"time":0,"angle":0,"curve":"stepped"},{"time":0.3333,"angle":0}],"translate":[{"time":0,"x":0,"y":0},{"time":0.3333,"x":0,"y":61.33}],"scale":[{"time":0,"x":0,"y":0},{"time":0.1667,"x":1.5,"y":1.5},{"time":0.3333,"x":0,"y":0}]},"28":{"rotate":[{"time":0,"angle":0,"curve":"stepped"},{"time":0.3333,"angle":0}],"translate":[{"time":0,"x":0,"y":0},{"time":0.3333,"x":-15.06,"y":58.1}],"scale":[{"time":0,"x":0,"y":0},{"time":0.1667,"x":1.5,"y":1.5},{"time":0.3333,"x":0,"y":0}]},"29":{"rotate":[{"time":0,"angle":0,"curve":"stepped"},{"time":0.3333,"angle":0}],"translate":[{"time":0,"x":0,"y":0},{"time":0.3333,"x":25.82,"y":27.98}],"scale":[{"time":0,"x":0,"y":0},{"time":0.1667,"x":1.5,"y":1.5},{"time":0.3333,"x":0,"y":0}]},"01":{"translate":[{"time":0,"x":408.82,"y":0},{"time":0.1,"x":-6.98,"y":0},{"time":0.2,"x":-422.77,"y":0}],"scale":[{"time":0,"x":1,"y":0},{"time":0.1,"x":1,"y":1.5},{"time":0.2,"x":1,"y":0}]},"02":{"translate":[{"time":0,"x":-421.3,"y":0},{"time":0.2,"x":475.53,"y":0}],"scale":[{"time":0,"x":1,"y":0},{"time":0.1,"x":1,"y":1.5},{"time":0.2,"x":1,"y":0}]},"06":{"rotate":[{"time":0,"angle":0,"curve":"stepped"},{"time":0.3,"angle":0}],"translate":[{"time":0,"x":-35.8,"y":33.46},{"time":0.3,"x":4.75,"y":58.76}],"scale":[{"time":0,"x":0,"y":0},{"time":0.3,"x":1,"y":1}]},"05":{"rotate":[{"time":0,"angle":0,"curve":"stepped"},{"time":0.3,"angle":0}],"translate":[{"time":0,"x":19.89,"y":2.34},{"time":0.3,"x":35.14,"y":-39.32}],"scale":[{"time":0,"x":0,"y":0},{"time":0.3,"x":1,"y":1}]},"04":{"rotate":[{"time":0,"angle":0,"curve":"stepped"},{"time":0.3,"angle":0}],"translate":[{"time":0,"x":0,"y":0},{"time":0.3,"x":39.8,"y":2.23}],"scale":[{"time":0,"x":0,"y":0},{"time":0.3,"x":1,"y":1}]},"03":{"rotate":[{"time":0,"angle":0,"curve":"stepped"},{"time":0.3,"angle":0}],"translate":[{"time":0,"x":0,"y":0},{"time":0.3,"x":56.92,"y":-40.18}],"scale":[{"time":0,"x":0,"y":0},{"time":0.3,"x":1,"y":1}]},"08":{"rotate":[{"time":0,"angle":0,"curve":"stepped"},{"time":0.3333,"angle":0}],"translate":[{"time":0,"x":0,"y":0},{"time":0.3333,"x":0,"y":33.74}],"scale":[{"time":0,"x":0,"y":0},{"time":0.1667,"x":1.5,"y":1.5},{"time":0.3333,"x":0,"y":0}]},"008":{"rotate":[{"time":0,"angle":0,"curve":"stepped"},{"time":0.3333,"angle":0}],"translate":[{"time":0,"x":0,"y":0},{"time":0.3333,"x":41.96,"y":29.59}],"scale":[{"time":0,"x":0,"y":0},{"time":0.1667,"x":1.5,"y":1.5},{"time":0.3333,"x":0,"y":0}]},"0008":{"rotate":[{"time":0,"angle":0,"curve":"stepped"},{"time":0.3333,"angle":0}],"translate":[{"time":0,"x":0,"y":0},{"time":0.3333,"x":-1.61,"y":29.59}],"scale":[{"time":0,"x":0,"y":0},{"time":0.1667,"x":1.5,"y":1.5},{"time":0.3333,"x":0,"y":0}]},"00008":{"rotate":[{"time":0,"angle":0,"curve":"stepped"},{"time":0.3333,"angle":0}],"translate":[{"time":0,"x":0,"y":0},{"time":0.3333,"x":37.66,"y":28.51}],"scale":[{"time":0,"x":0,"y":0},{"time":0.1667,"x":1.5,"y":1.5},{"time":0.3333,"x":0,"y":0}]},"000008":{"rotate":[{"time":0,"angle":0,"curve":"stepped"},{"time":0.3333,"angle":0}],"translate":[{"time":0,"x":0,"y":0},{"time":0.3333,"x":19.37,"y":21.52}],"scale":[{"time":0,"x":0,"y":0},{"time":0.1667,"x":1.5,"y":1.5},{"time":0.3333,"x":0,"y":0}]},"0000008":{"rotate":[{"time":0,"angle":0,"curve":"stepped"},{"time":0.3333,"angle":0}],"translate":[{"time":0,"x":0,"y":0},{"time":0.3333,"x":55.95,"y":37.66}],"scale":[{"time":0,"x":0,"y":0},{"time":0.1667,"x":1.5,"y":1.5},{"time":0.3333,"x":0,"y":0}]},"00000008":{"rotate":[{"time":0,"angle":0,"curve":"stepped"},{"time":0.3333,"angle":0}],"translate":[{"time":0,"x":0,"y":0},{"time":0.3333,"x":39.81,"y":8.07}],"scale":[{"time":0,"x":0,"y":0},{"time":0.1667,"x":1.5,"y":1.5},{"time":0.3333,"x":0,"y":0}]},"000000008":{"rotate":[{"time":0,"angle":0,"curve":"stepped"},{"time":0.3333,"angle":0}],"translate":[{"time":0,"x":0,"y":0},{"time":0.3333,"x":34.97,"y":13.99}],"scale":[{"time":0,"x":0,"y":0},{"time":0.1667,"x":1.5,"y":1.5},{"time":0.3333,"x":0,"y":0}]},"0000000008":{"rotate":[{"time":0,"angle":0,"curve":"stepped"},{"time":0.3333,"angle":0}],"translate":[{"time":0,"x":0,"y":0},{"time":0.3333,"x":0,"y":61.33}],"scale":[{"time":0,"x":0,"y":0},{"time":0.1667,"x":1.5,"y":1.5},{"time":0.3333,"x":0,"y":0}]},"00000000008":{"rotate":[{"time":0,"angle":0,"curve":"stepped"},{"time":0.3333,"angle":0}],"translate":[{"time":0,"x":0,"y":0},{"time":0.3333,"x":-15.06,"y":58.1}],"scale":[{"time":0,"x":0,"y":0},{"time":0.1667,"x":1.5,"y":1.5},{"time":0.3333,"x":0,"y":0}]},"000000000008":{"rotate":[{"time":0,"angle":0,"curve":"stepped"},{"time":0.3333,"angle":0}],"translate":[{"time":0,"x":0,"y":0},{"time":0.3333,"x":25.82,"y":27.98}],"scale":[{"time":0,"x":0,"y":0},{"time":0.1667,"x":1.5,"y":1.5},{"time":0.3333,"x":0,"y":0}]}}}}},[0]]],0,0,[0],[-1],[0]]