[1,["1ccOw0Xd5Knpff3PhN+jzE"],0,[["sp.SkeletonData",["_name","_atlasText","textureNames","_skeletonJson","textures"],-1,3]],[[0,0,1,2,3,4,5]],[[0,"animation_shubiao","\r\nanimation_shubiao.png\r\nsize: 512,256\r\nformat: RGBA8888\r\nfilter: Linear,Linear\r\nrepeat: none\r\n00\r\n  rotate: false\r\n  xy: 2, 28\r\n  size: 163, 163\r\n  orig: 163, 163\r\n  offset: 0, 0\r\n  index: -1\r\n01\r\n  rotate: false\r\n  xy: 167, 77\r\n  size: 106, 114\r\n  orig: 106, 114\r\n  offset: 0, 0\r\n  index: -1\r\n03\r\n  rotate: false\r\n  xy: 2, 2\r\n  size: 24, 24\r\n  orig: 24, 24\r\n  offset: 0, 0\r\n  index: -1\r\n",["animation_shubiao.png"],{"skeleton":{"hash":"PrtcKMIMlANdKw57LShU94ZHDPM","spine":"3.6.53","width":1560,"height":720,"images":""},"bones":[{"name":"root"},{"name":"dianji","parent":"root"},{"name":"01","parent":"dianji"},{"name":"02","parent":"dianji"},{"name":"dian","parent":"dianji","scaleX":0.6,"scaleY":0.6},{"name":"dian2","parent":"dianji","scaleX":0.5,"scaleY":0.5},{"name":"dian3","parent":"dianji","scaleX":0.8,"scaleY":0.8},{"name":"dian4","parent":"dianji","scaleX":0.3,"scaleY":0.3},{"name":"dian5","parent":"dianji","scaleX":0.8,"scaleY":0.8},{"name":"dian6","parent":"dianji","x":-1.94,"scaleX":0.5,"scaleY":0.5},{"name":"dian7","parent":"dianji","scaleX":0.4,"scaleY":0.4}],"slots":[{"name":"01","bone":"01","attachment":"00","blend":"additive"},{"name":"1","bone":"02","attachment":"01","blend":"additive"},{"name":"2","bone":"02","attachment":"01","blend":"additive"},{"name":"03","bone":"dian","attachment":"03","blend":"additive"},{"name":"3","bone":"dian2","attachment":"03","blend":"additive"},{"name":"4","bone":"dian3","attachment":"03","blend":"additive"},{"name":"5","bone":"dian4","attachment":"03","blend":"additive"},{"name":"6","bone":"dian5","attachment":"03","blend":"additive"},{"name":"7","bone":"dian6","attachment":"03","blend":"additive"},{"name":"8","bone":"dian7","attachment":"03","blend":"additive"}],"skins":{"default":{"1":{"01":{"width":106,"height":114}},"2":{"01":{"width":106,"height":114}},"3":{"03":{"width":24,"height":24}},"4":{"03":{"width":24,"height":24}},"5":{"03":{"width":24,"height":24}},"6":{"03":{"width":24,"height":24}},"7":{"03":{"width":24,"height":24}},"8":{"03":{"width":24,"height":24}},"01":{"00":{"width":163,"height":163}},"03":{"03":{"width":24,"height":24}}}},"animations":{"animation_shubiao":{"slots":{"1":{"color":[{"time":0,"color":"ffffff00"},{"time":0.3333,"color":"ffffffff"},{"time":0.6667,"color":"ffffff00"}]},"2":{"color":[{"time":0,"color":"ffffff00"},{"time":0.3333,"color":"ffffffff"},{"time":0.6667,"color":"ffffff00"}]},"3":{"color":[{"time":0,"color":"ffffffff"},{"time":0.8333,"color":"ffffff00"}]},"4":{"color":[{"time":0,"color":"ffffffff"},{"time":0.8333,"color":"ffffff00"}]},"5":{"color":[{"time":0,"color":"ffffffff"},{"time":0.8333,"color":"ffffff00"}]},"6":{"color":[{"time":0,"color":"ffffffff"},{"time":0.8333,"color":"ffffff00"}]},"7":{"color":[{"time":0,"color":"ffffffff"},{"time":0.8333,"color":"ffffff00"}]},"8":{"color":[{"time":0,"color":"ffffffff"},{"time":0.8333,"color":"ffffff00"}]},"01":{"color":[{"time":0,"color":"ffffffff"},{"time":0.8333,"color":"ffffff00"}]},"03":{"color":[{"time":0,"color":"ffffffff"},{"time":0.8333,"color":"ffffff00"}]}},"bones":{"01":{"rotate":[{"time":0,"angle":0,"curve":"stepped"},{"time":0.8333,"angle":0}],"translate":[{"time":0,"x":0,"y":0,"curve":"stepped"},{"time":0.8333,"x":0,"y":0}],"scale":[{"time":0,"x":0,"y":0},{"time":0.8333,"x":1,"y":1}]},"02":{"rotate":[{"time":0,"angle":0,"curve":"stepped"},{"time":0.6667,"angle":0}],"translate":[{"time":0,"x":0,"y":0,"curve":"stepped"},{"time":0.6667,"x":0,"y":0}],"scale":[{"time":0,"x":1,"y":1,"curve":"stepped"},{"time":0.6667,"x":1,"y":1}]},"dian":{"rotate":[{"time":0,"angle":0,"curve":"stepped"},{"time":0.8333,"angle":0}],"translate":[{"time":0,"x":0,"y":0},{"time":0.8333,"x":47.69,"y":34.84}],"scale":[{"time":0,"x":0,"y":0},{"time":0.4333,"x":1.25,"y":1.25},{"time":0.8333,"x":0,"y":0}]},"dian2":{"rotate":[{"time":0,"angle":0,"curve":"stepped"},{"time":0.8333,"angle":0}],"translate":[{"time":0,"x":0,"y":0},{"time":0.8333,"x":33.98,"y":-26.23}],"scale":[{"time":0,"x":0,"y":0},{"time":0.4333,"x":1.25,"y":1.25},{"time":0.8333,"x":0,"y":0}]},"dian3":{"rotate":[{"time":0,"angle":0,"curve":"stepped"},{"time":0.8333,"angle":0}],"translate":[{"time":0,"x":0,"y":0},{"time":0.8333,"x":6.85,"y":-57.81}],"scale":[{"time":0,"x":0,"y":0},{"time":0.4333,"x":1.25,"y":1.25},{"time":0.8333,"x":0,"y":0}]},"dian4":{"rotate":[{"time":0,"angle":0,"curve":"stepped"},{"time":0.8333,"angle":0}],"translate":[{"time":0,"x":0,"y":0},{"time":0.8333,"x":-64.19,"y":-58}],"scale":[{"time":0,"x":0,"y":0},{"time":0.4333,"x":1.25,"y":1.25},{"time":0.8333,"x":0,"y":0}]},"dian5":{"rotate":[{"time":0,"angle":0,"curve":"stepped"},{"time":0.8333,"angle":0}],"translate":[{"time":0,"x":0,"y":0},{"time":0.8333,"x":-52.75,"y":10.03}],"scale":[{"time":0,"x":0,"y":0},{"time":0.4333,"x":1.25,"y":1.25},{"time":0.8333,"x":0,"y":0}]},"dian6":{"rotate":[{"time":0,"angle":0,"curve":"stepped"},{"time":0.8333,"angle":0}],"translate":[{"time":0,"x":0,"y":0},{"time":0.8333,"x":85.05,"y":-11.27}],"scale":[{"time":0,"x":0,"y":0},{"time":0.4333,"x":1.25,"y":1.25},{"time":0.8333,"x":0,"y":0}]},"dian7":{"rotate":[{"time":0,"angle":0,"curve":"stepped"},{"time":0.8333,"angle":0}],"translate":[{"time":0,"x":0,"y":0},{"time":0.8333,"x":-23.14,"y":71.81}],"scale":[{"time":0,"x":0,"y":0},{"time":0.4333,"x":1.25,"y":1.25},{"time":0.8333,"x":0,"y":0}]}}}}},[0]]],0,0,[0],[-1],[0]]