[1,["b7aqT52CNLjYgsl1JxF0n+"],["spriteFrame"],[["cc.LabelAtlas",["_name","fontSize","_fntConfig"],0]],[[0,0,1,2,4]],[[0,"moneyFnt",58.96,{"commonHeight":67,"fontSize":58,"atlasName":"moneyFnt","fontDefDictionary":{"49":{"xOffset":0,"yOffset":0,"xAdvance":45,"rect":{"x":0,"y":0,"width":45,"height":67}},"50":{"xOffset":0,"yOffset":0,"xAdvance":45,"rect":{"x":45,"y":0,"width":45,"height":67}},"51":{"xOffset":0,"yOffset":0,"xAdvance":45,"rect":{"x":90,"y":0,"width":45,"height":67}},"52":{"xOffset":0,"yOffset":0,"xAdvance":45,"rect":{"x":135,"y":0,"width":45,"height":67}},"53":{"xOffset":0,"yOffset":0,"xAdvance":45,"rect":{"x":180,"y":0,"width":45,"height":67}},"54":{"xOffset":0,"yOffset":0,"xAdvance":45,"rect":{"x":225,"y":0,"width":45,"height":67}},"55":{"xOffset":0,"yOffset":0,"xAdvance":45,"rect":{"x":270,"y":0,"width":45,"height":67}},"56":{"xOffset":0,"yOffset":0,"xAdvance":45,"rect":{"x":315,"y":0,"width":45,"height":67}},"57":{"xOffset":0,"yOffset":0,"xAdvance":45,"rect":{"x":360,"y":0,"width":45,"height":67}},"58":{"xOffset":0,"yOffset":0,"xAdvance":45,"rect":{"x":405,"y":0,"width":45,"height":67}}},"kerningDict":{}}]],0,0,[0],[0],[0]]