[1,0,0,[["cc.AnimationClip",["_name","_duration","wrapMode","curveData"],-1]],[[0,0,1,2,3,5]],[[0,"newLoading",2,2,{"paths":{"Gamblingfreeicon":{"props":{"active":[{"frame":0,"value":true},{"frame":0.25,"value":false},{"frame":2,"value":true}]}},"Gamblingfreeicon2":{"props":{"active":[{"frame":0,"value":false},{"frame":0.25,"value":true},{"frame":0.5,"value":false}]}},"Gamblingfreeicon3":{"props":{"active":[{"frame":0,"value":false},{"frame":0.5,"value":true},{"frame":0.75,"value":false}]}},"Gamblingfreeicon4":{"props":{"active":[{"frame":0,"value":false},{"frame":0.75,"value":true},{"frame":1,"value":false}]}},"Spade_1":{"props":{"opacity":[{"frame":0,"value":255},{"frame":0.5,"value":0},{"frame":1,"value":255},{"frame":1.5,"value":0},{"frame":2,"value":255}]}},"Gamblingfreeicon8":{"props":{"active":[{"frame":0,"value":false},{"frame":1.75,"value":true},{"frame":2,"value":false}]}},"Gamblingfreeicon7":{"props":{"active":[{"frame":0,"value":false},{"frame":1.5,"value":true},{"frame":1.75,"value":false}]}},"Gamblingfreeicon6":{"props":{"active":[{"frame":0,"value":false},{"frame":1.25,"value":true},{"frame":1.5,"value":false}]}},"Gamblingfreeicon5":{"props":{"active":[{"frame":0,"value":false},{"frame":1,"value":true},{"frame":1.25,"value":false}]}}}}]],0,0,[],[],[]]