[1,0,0,[["cc.AnimationClip",["_name","_duration","wrapMode","curveData"],-1]],[[0,0,1,2,3,5]],[[0,"loading",2,2,{"paths":{"loadingani_1":{"props":{"active":[{"frame":0,"value":true},{"frame":0.16666666666666666,"value":false}]}},"loadingani_2":{"props":{"active":[{"frame":0,"value":false},{"frame":0.16666666666666666,"value":true},{"frame":0.3333333333333333,"value":false}]}},"loadingani_3":{"props":{"active":[{"frame":0,"value":false},{"frame":0.3333333333333333,"value":true},{"frame":0.5,"value":false}]}},"loadingani_4":{"props":{"active":[{"frame":0,"value":false},{"frame":0.5,"value":true},{"frame":0.6666666666666666,"value":false}]}},"loadingani_5":{"props":{"active":[{"frame":0,"value":false},{"frame":0.6666666666666666,"value":true},{"frame":0.8333333333333334,"value":false}]}},"loadingani_6":{"props":{"active":[{"frame":0,"value":false},{"frame":0.8333333333333334,"value":true},{"frame":1,"value":false}]}},"loadingani_7":{"props":{"active":[{"frame":0,"value":false},{"frame":1,"value":true},{"frame":1.1666666666666667,"value":false}]}},"loadingani_8":{"props":{"active":[{"frame":0,"value":false},{"frame":1.1666666666666667,"value":true},{"frame":1.3333333333333333,"value":false}]}},"loadingani_9":{"props":{"active":[{"frame":0,"value":false},{"frame":1.3333333333333333,"value":true},{"frame":1.5,"value":false}]}},"loadingani_10":{"props":{"active":[{"frame":0,"value":false},{"frame":1.5,"value":true},{"frame":1.6666666666666667,"value":false}]}},"loadingani_11":{"props":{"active":[{"frame":0,"value":false},{"frame":1.6666666666666667,"value":true},{"frame":1.8333333333333333,"value":false}]}},"loadingani_12":{"props":{"active":[{"frame":0,"value":false},{"frame":1.8333333333333333,"value":true},{"frame":2,"value":false}]}}}}]],0,0,[],[],[]]