[1,0,0,[["cc.JsonAsset",["_name","json"],1]],[[0,0,1,3]],[[0,"tablecfg",{"table_6":{"ip_limit":1,"chat":1,"type":300,"pwd":1,"key":"table_6","gps_limit":1,"play_type":306,"id":6,"hand_time":["0.5","1","2","3","4","6","9","12"],"antes":["1","2","5","10","20","50"],"service_need":["0","0","0","0","0","0","0","0","0","9","18","27","36","45","54","63","72","81","90","99","108","117","126","135","144","153","162","171","180"],"service":["1","1.5","2","2.5","3","3.5","4","4.5","5","5.5","6","6.5","7","7.5","8","8.5","9","9.5","10","10.5","11","11.5","12","12.5","13","13.5","14","14.5","15"],"servicefeeca_need":["0","0","0","0","0","10","20","30"],"move_time":["8","9","10","11","12","13","14","15","16","17","18","19","20","21","22","23","24","25"],"autoopen":["2","3","4","5","0"],"buy_in":["100-1000","200-2000","500-5000","1000-10000","2000-20000","5000-50000"],"servicefeeca":["1","2","3","4","5","6","7","8"]},"table_7":{"ip_limit":1,"chat":1,"type":300,"pwd":1,"key":"table_7","gps_limit":1,"play_type":307,"id":6,"hand_time":["0.5","1","2","3","4","6","9","12"],"antes":["1","2","5","10","20","50"],"service_need":["0","0","0","0","0","0","0","0","0","9","18","27","36","45","54","63","72","81","90","99","108","117","126","135","144","153","162","171","180"],"service":["1","1.5","2","2.5","3","3.5","4","4.5","5","5.5","6","6.5","7","7.5","8","8.5","9","9.5","10","10.5","11","11.5","12","12.5","13","13.5","14","14.5","15"],"servicefeeca_need":["0","0","0","0","0","10","20","30"],"move_time":["8","9","10","11","12","13","14","15","16","17","18","19","20","21","22","23","24","25"],"autoopen":["2","3","4","5","0"],"buy_in":["100-1000","200-2000","500-5000","1000-10000","2000-20000","5000-50000"],"servicefeeca":["1","2","3","4","5","6","7","8"]},"table_4":{"ip_limit":1,"chat":1,"type":300,"pwd":1,"key":"table_4","gps_limit":1,"play_type":304,"id":4,"hand_time":["0.5","1","2","3","4","6","9","12"],"antes":["1","2","5","10","20","50"],"service_need":["0","0","0","0","0","0","0","0","0","9","18","27","36","45","54","63","72","81","90","99","108","117","126","135","144","153","162","171","180"],"service":["1","1.5","2","2.5","3","3.5","4","4.5","5","5.5","6","6.5","7","7.5","8","8.5","9","9.5","10","10.5","11","11.5","12","12.5","13","13.5","14","14.5","15"],"servicefeeca_need":["0","0","0","0","0","10","20","30"],"move_time":["8","9","10","11","12","13","14","15","16","17","18","19","20","21","22","23","24","25"],"autoopen":["2","3","4","5","0"],"buy_in":["100-1000","200-2000","500-5000","1000-10000","2000-20000","5000-50000"],"servicefeeca":["1","2","3","4","5","6","7","8"]},"table_5":{"ip_limit":1,"chat":1,"type":300,"pwd":1,"key":"table_5","gps_limit":1,"play_type":305,"id":5,"hand_time":["0.5","1","2","3","4","6","9","12"],"antes":["1","2","5","10","20","50"],"service_need":["0","0","0","0","0","0","0","0","0","9","18","27","36","45","54","63","72","81","90","99","108","117","126","135","144","153","162","171","180"],"service":["1","1.5","2","2.5","3","3.5","4","4.5","5","5.5","6","6.5","7","7.5","8","8.5","9","9.5","10","10.5","11","11.5","12","12.5","13","13.5","14","14.5","15"],"servicefeeca_need":["0","0","0","0","0","10","20","30"],"move_time":["8","9","10","11","12","13","14","15","16","17","18","19","20","21","22","23","24","25"],"autoopen":["2","3","4","5","0"],"buy_in":["100-1000","200-2000","500-5000","1000-10000","2000-20000","5000-50000"],"servicefeeca":["1","2","3","4","5","6","7","8"]},"table_2":{"ip_limit":1,"chat":1,"type":300,"pwd":1,"key":"table_2","gps_limit":1,"play_type":302,"id":2,"hand_time":["0.5","1","2","3","4","6","9","12"],"antes":["1","2","5","10","20","50"],"service_need":["0","0","0","0","0","0","0","0","0","9","18","27","36","45","54","63","72","81","90","99","108","117","126","135","144","153","162","171","180"],"service":["1","1.5","2","2.5","3","3.5","4","4.5","5","5.5","6","6.5","7","7.5","8","8.5","9","9.5","10","10.5","11","11.5","12","12.5","13","13.5","14","14.5","15"],"servicefeeca_need":["0","0","0","0","0","10","20","30"],"move_time":["8","9","10","11","12","13","14","15","16","17","18","19","20","21","22","23","24","25"],"autoopen":["2","3","4","5","0"],"buy_in":["100-1000","200-2000","500-5000","1000-10000","2000-20000","5000-50000"],"servicefeeca":["1","2","3","4","5","6","7","8"]},"table_3":{"ip_limit":1,"chat":1,"type":300,"pwd":1,"key":"table_3","gps_limit":1,"play_type":303,"id":3,"hand_time":["0.5","1","2","3","4","6","9","12"],"antes":["1","2","5","10","20","50"],"service_need":["0","0","0","0","0","0","0","0","0","9","18","27","36","45","54","63","72","81","90","99","108","117","126","135","144","153","162","171","180"],"service":["1","1.5","2","2.5","3","3.5","4","4.5","5","5.5","6","6.5","7","7.5","8","8.5","9","9.5","10","10.5","11","11.5","12","12.5","13","13.5","14","14.5","15"],"servicefeeca_need":["0","0","0","0","0","10","20","30"],"move_time":["8","9","10","11","12","13","14","15","16","17","18","19","20","21","22","23","24","25"],"autoopen":["2","3","4","5","0"],"buy_in":["100-1000","200-2000","500-5000","1000-10000","2000-20000","5000-50000"],"servicefeeca":["1","2","3","4","5","6","7","8"]},"table_1":{"ip_limit":1,"chat":1,"type":300,"pwd":1,"key":"table_1","gps_limit":1,"play_type":301,"id":1,"hand_time":["0.5","1","2","3","4","6","9","12"],"antes":["1","2","5","10","20","50"],"service_need":["0","0","0","0","0","0","0","0","0","9","18","27","36","45","54","63","72","81","90","99","108","117","126","135","144","153","162","171","180"],"service":["1","1.5","2","2.5","3","3.5","4","4.5","5","5.5","6","6.5","7","7.5","8","8.5","9","9.5","10","10.5","11","11.5","12","12.5","13","13.5","14","14.5","15"],"servicefeeca_need":["0","0","0","0","0","10","20","30"],"move_time":["8","9","10","11","12","13","14","15","16","17","18","19","20","21","22","23","24","25"],"autoopen":["2","3","4","5","0"],"buy_in":["100-1000","200-2000","500-5000","1000-10000","2000-20000","5000-50000"],"servicefeeca":["1","2","3","4","5","6","7","8"]}}]],0,0,[],[],[]]