[1,0,0,[["cc.JsonAsset",["_name","json"],1]],[[0,0,1,3]],[[0,"shopcfg",{"gold_1":{"name":"chips1","money":"100","pic":"shop/shop_6","key":"gold_1","need":0.1,"orgin":"25L","gate":2500000,"ticket":0,"vippoint":10,"rate":1.25,"type":1,"shop":"goods60","id":20},"gold_2":{"name":"chips2","money":"500","pic":"shop/shop_7","key":"gold_2","need":0.55,"orgin":"1Cr","gate":10000000,"ticket":0,"vippoint":55,"rate":1.25,"type":1,"shop":"goods600","id":21},"gold_3":{"name":"chips3","money":"1000","pic":"shop/shop_8","key":"gold_3","need":1.15,"orgin":"2.5Cr","gate":25000000,"ticket":0,"vippoint":115,"rate":1.25,"type":1,"shop":"goods1500","id":22},"gold_4":{"name":"chips4","money":"3000","pic":"shop/shop_9","key":"gold_4","need":3.5,"orgin":"8.5Cr","gate":85000000,"ticket":1,"vippoint":350,"rate":1.25,"type":1,"shop":"goods3000","id":23},"gold_5":{"name":"chips5","money":"10000","pic":"shop/shop_10","key":"gold_5","need":11.55,"orgin":"30Cr","gate":300000000,"ticket":1,"vippoint":1155,"rate":1.25,"type":1,"shop":"goods6000","id":24},"gold_6":{"name":"chips6","money":"20000","pic":"shop/shop_11","key":"gold_6","need":23,"orgin":"70Cr","gate":700000000,"ticket":1,"vippoint":2300,"rate":1.25,"type":1,"shop":"goods30000","id":25},"gold_first":{"name":"gold_first","money":"0.99","pic":"shop/shop_11","key":"gold_first","need":0.99,"gate":12000000,"rate":1.7,"type":2,"shop":"goldfirst","id":26},"gold_daily1":{"name":"gold_daily1","money":"10","pic":"shop/shop_11","key":"gold_daily1","need":0.1,"gate":2000000,"rate":5,"type":2,"shop":"dayfirst2000","id":27},"gold_daily2":{"name":"gold_daily2","money":"50","pic":"shop/shop_11","key":"gold_daily2","need":0.55,"gate":15000000,"rate":5.8,"type":2,"shop":"dayfirst7500","id":28},"lion_1":{"name":"chips1","money":"10","pic":"shop/shop_65","key":"gold_1","need":0.1,"orgin":"100","gate":100,"ticket":0,"vippoint":10,"rate":1.25,"type":3,"shop":"lion10","id":29},"lion_2":{"name":"chips2","money":"50","pic":"shop/shop_64","key":"gold_2","need":0.55,"orgin":"500","gate":500,"ticket":0,"vippoint":55,"rate":1.25,"type":3,"shop":"lion50","id":30},"lion_3":{"name":"chips3","money":"100","pic":"shop/shop_63","key":"gold_3","need":1.15,"orgin":"1000","gate":1000,"ticket":0,"vippoint":115,"rate":1.25,"type":3,"shop":"lion100","id":31},"lion_4":{"name":"chips4","money":"300","pic":"shop/shop_62","key":"gold_4","need":3.5,"orgin":"3000","gate":3000,"ticket":1,"vippoint":350,"rate":1.25,"type":3,"shop":"lion300","id":32},"lion_5":{"name":"chips5","money":"1000","pic":"shop/shop_61","key":"gold_5","need":11.55,"orgin":"10000","gate":10000,"ticket":1,"vippoint":1155,"rate":1.25,"type":3,"shop":"lion1000","id":33},"lion_6":{"name":"chips6","money":"2000","pic":"shop/shop_60","key":"gold_6","need":23,"orgin":"20000","gate":20000,"ticket":1,"vippoint":2300,"rate":1.25,"type":3,"shop":"lion2000","id":34}}]],0,0,[],[],[]]