[1,0,0,[["cc.JsonAsset",["_name","json"],1]],[[0,0,1,3]],[[0,"anicfg",{"br-emoji10":{"count":1,"scale":1,"aniType":1,"anikey":"br-emoji10","sample":5,"wrapMode":2,"path":"chat/emoji/emoji_10_"},"br-emoji11":{"count":1,"scale":1,"aniType":1,"anikey":"br-emoji11","sample":5,"wrapMode":2,"path":"chat/emoji/emoji_11_"},"br-emoji12":{"count":1,"scale":1,"aniType":1,"anikey":"br-emoji12","sample":5,"wrapMode":2,"path":"chat/emoji/emoji_12_"},"br-emoji8":{"count":1,"scale":1,"aniType":1,"anikey":"br-emoji8","sample":5,"wrapMode":2,"path":"chat/emoji/emoji_8_"},"br-emoji9":{"count":1,"scale":1,"aniType":1,"anikey":"br-emoji9","sample":5,"wrapMode":2,"path":"chat/emoji/emoji_9_"},"br-emoji6":{"count":1,"scale":1,"aniType":1,"anikey":"br-emoji6","sample":5,"wrapMode":2,"path":"chat/emoji/emoji_6_"},"br-emoji7":{"count":1,"scale":1,"aniType":1,"anikey":"br-emoji7","sample":5,"wrapMode":2,"path":"chat/emoji/emoji_7_"},"br-emoji2":{"count":1,"scale":1,"aniType":1,"anikey":"br-emoji2","sample":5,"wrapMode":2,"path":"chat/emoji/emoji_2_"},"br-emoji3":{"count":1,"scale":1,"aniType":1,"anikey":"br-emoji3","sample":5,"wrapMode":2,"path":"chat/emoji/emoji_3_"},"br-emoji1":{"count":3,"scale":1,"aniType":1,"anikey":"br-emoji1","sample":5,"wrapMode":2,"path":"chat/emoji/emoji_1_"},"br-emoji4":{"count":1,"scale":1,"aniType":1,"anikey":"br-emoji4","sample":5,"wrapMode":2,"path":"chat/emoji/emoji_4_"},"mofa4":{"count":10,"plistName":"mofa/magic_04","scale":1,"aniType":4,"anikey":"mofa4","sample":5,"wrapMode":1,"path":"mofaFace204_"},"mofa5":{"count":9,"plistName":"mofa/magic_05","scale":1,"aniType":4,"anikey":"mofa5","sample":5,"wrapMode":1,"path":"mofaFace205_"},"mofa6":{"count":6,"plistName":"mofa/magic_06","scale":1,"aniType":4,"anikey":"mofa6","sample":5,"wrapMode":1,"path":"mofaFace206_"},"mofa7":{"count":6,"plistName":"mofa/magic_07","scale":1,"aniType":4,"anikey":"mofa7","sample":5,"wrapMode":1,"path":"mofaFace207_"},"mofa8":{"count":6,"plistName":"mofa/magic_08","scale":1,"aniType":4,"anikey":"mofa8","sample":5,"wrapMode":1,"path":"mofaFace208_"},"mofa9":{"count":6,"plistName":"mofa/magic_09","scale":1,"aniType":4,"anikey":"mofa9","sample":5,"wrapMode":1,"path":"mofaFace209_"},"mofa10":{"count":6,"plistName":"mofa/magic_10","scale":1,"aniType":4,"anikey":"mofa10","sample":5,"wrapMode":1,"path":"mofaFace210_"},"mofa11":{"count":6,"plistName":"mofa/magic_11","scale":1,"aniType":4,"anikey":"mofa11","sample":5,"wrapMode":1,"path":"mofaFace211_"},"mofa1":{"count":9,"plistName":"mofa/magic_01","scale":1,"aniType":4,"anikey":"mofa1","sample":5,"wrapMode":1,"path":"mofaFace201_"},"mofa2":{"count":10,"plistName":"mofa/magic_02","scale":1,"aniType":4,"anikey":"mofa2","sample":5,"wrapMode":1,"path":"mofaFace202_"},"mofa3":{"count":11,"plistName":"mofa/magic_03","scale":1,"aniType":4,"anikey":"mofa3","sample":5,"wrapMode":1,"path":"mofaFace203_"},"br-emoji5":{"count":1,"scale":1,"aniType":1,"anikey":"br-emoji5","sample":5,"wrapMode":2,"path":"chat/emoji/emoji_5_"},"br-emoji21":{"count":1,"scale":1,"aniType":1,"anikey":"qingzui","sample":5,"wrapMode":2,"path":""},"br-emoji22":{"count":1,"scale":1,"aniType":1,"anikey":"jianxiao","sample":5,"wrapMode":2,"path":""},"br-emoji23":{"count":1,"scale":1,"aniType":1,"anikey":"daku","sample":5,"wrapMode":2,"path":""},"br-emoji24":{"count":1,"scale":1,"aniType":1,"anikey":"weiqu","sample":5,"wrapMode":2,"path":""},"br-emoji25":{"count":1,"scale":1,"aniType":1,"anikey":"daxiao","sample":5,"wrapMode":2,"path":""},"br-emoji26":{"count":1,"scale":1,"aniType":1,"anikey":"shengqi","sample":5,"wrapMode":2,"path":""},"br-emoji27":{"count":1,"scale":1,"aniType":1,"anikey":"nuhuo","sample":5,"wrapMode":2,"path":""},"br-emoji28":{"count":1,"scale":1,"aniType":1,"anikey":"haose","sample":5,"wrapMode":2,"path":""}}]],0,0,[],[],[]]